State,region,year,scode,population,waitingh,permith,rate_calculated,log_rate,perc_rural,perc_hs,less_9th,hs_lower,Median_inc,perc_male,perc_white,rate_all_firearms,rlong_guns,log_long,rate_combined,log_everything,all_except_handguns,lall_except_handguns,BRFSS,Permit,Handgun,Totals,tot_handgun,delay,treatment,treatment_group,byear,stimetotreatment
California,West,1999.0,6.0,33499204,1.0,1.0,3.8,1.33500106673234,0.067541831,20.1,11.5,43.3,47493,0.498201091,0.59548502,4.6,0.7999999999999998,0.587786664902119,9.2,2.2192034840549946,5.3999999999999995,1.6863989535702286,0.214033918,101132,371893,883144,473025,1,0,0,0.0,0.0
California,West,2000.0,6.0,33871648,1.0,1.0,3.7,1.308332819650179,0.067541831,20.1,11.5,43.3,47493,0.498201091,0.59548502,4.4,0.7000000000000002,0.5306282510621705,8.7,2.163323025660538,4.999999999999999,1.6094379124341003,0.214033918,163145,328615,794506,491760,1,0,0,0.0,0.0
California,West,2001.0,6.0,34479458,1.0,1.0,3.5,1.252762968495368,0.067541831,20.1,11.5,43.3,47493,0.498201091,0.59548502,4.2,0.7000000000000002,0.5306282510621705,8.2,2.1041341542702074,4.699999999999999,1.5475625087160128,0.214033918,236271,280044,854569,516315,1,0,0,0.0,0.0
California,West,2002.0,6.0,34871843,1.0,1.0,3.4,1.2237754316221157,0.067541831,20.1,11.5,43.3,47493,0.498201091,0.59548502,4.3,0.8999999999999999,0.6418538861723947,9.2,2.2192034840549946,5.799999999999999,1.7578579175523734,0.214033918,191714,235121,684390,426835,1,0,0,0.0,0.0
California,West,2003.0,6.0,35253159,1.0,1.0,3.6,1.2809338454620642,0.067541831,20.1,11.5,43.3,47493,0.498201091,0.59548502,4.3,0.6999999999999997,0.5306282510621703,9.6,2.2617630984737906,6.0,1.791759469228055,0.214033918,156003,158811,524431,314814,1,0,0,0.0,0.0
California,West,2004.0,6.0,35574576,1.0,1.0,3.2,1.1631508098056809,0.067541831,20.1,11.5,43.3,47493,0.498201091,0.59548502,3.8,0.5999999999999996,0.47000362924573535,9.4,2.2407096892759584,6.2,1.824549292051046,0.214033918,141926,177220,548843,319146,1,0,0,0.0,0.0
California,West,2005.0,6.0,35827943,1.0,1.0,3.1,1.1314021114911006,0.067541831,20.1,11.5,43.3,47493,0.498201091,0.59548502,3.7,0.6000000000000001,0.47000362924573563,8.9,2.186051276738094,5.800000000000001,1.7578579175523739,0.214033918,146608,219760,611022,366368,1,0,0,0.0,0.0
California,West,2006.0,6.0,36021202,1.0,1.0,3.0,1.0986122886681098,0.067541831,20.1,11.5,43.3,47493,0.498201091,0.59548502,3.7,0.7000000000000002,0.5306282510621705,9.2,2.2192034840549946,6.199999999999999,1.8245492920510458,0.214033918,172352,200857,617820,373209,1,0,0,0.0,0.0
California,West,2007.0,6.0,36250311,1.0,1.0,3.3,1.1939224684724346,0.067541831,20.1,11.5,43.3,47493,0.498201091,0.59548502,3.9,0.6000000000000001,0.47000362924573563,9.9,2.2925347571405443,6.6000000000000005,1.88706964903238,0.214033918,277806,195941,855943,473747,1,0,0,0.0,0.0
California,West,2008.0,6.0,36604337,1.0,1.0,3.4,1.2237754316221157,0.067541831,20.1,11.5,43.3,47493,0.498201091,0.59548502,4.0,0.6000000000000001,0.47000362924573563,10.3,2.33214389523559,6.9,1.9315214116032138,0.214033918,335184,227528,780398,562712,1,0,0,0.0,0.0
California,West,2009.0,6.0,36961229,1.0,1.0,3.4,1.2237754316221157,0.067541831,20.1,11.5,43.3,47493,0.498201091,0.59548502,4.1,0.6999999999999997,0.5306282510621703,10.3,2.33214389523559,6.9,1.9315214116032138,0.214033918,291115,240795,788164,531910,1,0,0,0.0,0.0
California,West,2010.0,6.0,37253956,1.0,1.0,3.3,1.1939224684724346,0.067541831,20.1,11.5,43.3,47493,0.498201091,0.59548502,4.0,0.7000000000000002,0.5306282510621705,10.5,2.3513752571634776,7.2,1.9740810260220096,0.214033918,295252,245159,816399,540411,1,0,0,0.0,0.0
California,West,2011.0,6.0,37691912,1.0,1.0,3.5,1.252762968495368,0.067541831,20.1,11.5,43.3,47493,0.498201091,0.59548502,4.1,0.5999999999999996,0.47000362924573535,10.6,2.3608540011180215,7.1,1.9600947840472698,0.214033918,278625,303169,905701,581794,1,0,0,0.0,0.0
California,West,2012.0,6.0,38041430,1.0,1.0,3.5,1.252762968495368,0.067541831,20.1,11.5,43.3,47493,0.498201091,0.59548502,4.1,0.5999999999999996,0.47000362924573535,10.2,2.322387720290225,6.699999999999999,1.9021075263969203,0.214033918,324057,375569,1132603,699626,1,0,0,0.0,0.0
California,West,2013.0,6.0,38332521,1.0,1.0,3.4,1.2237754316221157,0.067541831,20.1,11.5,43.3,47493,0.498201091,0.59548502,4.1,0.6999999999999997,0.5306282510621703,10.5,2.3513752571634776,7.1,1.9600947840472698,0.214033918,423953,407355,1368295,831308,1,0,0,0.0,0.0
California,West,2014.0,6.0,38802500,1.0,1.0,3.4,1.2237754316221157,0.067541831,20.1,11.5,43.3,47493,0.498201091,0.59548502,4.1,0.6999999999999997,0.5306282510621703,10.8,2.379546134130174,7.4,2.0014800002101243,0.214033918,547611,495962,1474616,1043573,1,0,0,0.0,0.0
California,West,2015.0,6.0,39144818,1.0,1.0,3.4,1.2237754316221157,0.067541831,20.1,11.5,43.3,47493,0.498201091,0.59548502,4.0,0.6000000000000001,0.47000362924573563,10.6,2.3608540011180215,7.199999999999999,1.9740810260220096,0.214033918,873632,477822,1761079,1351454,1,0,0,0.0,0.0
California,West,2016.0,6.0,39250017,1.0,1.0,3.5,1.252762968495368,0.067541831,20.1,11.5,43.3,47493,0.498201091,0.59548502,4.1,0.5999999999999996,0.47000362924573535,10.9,2.388762789235098,7.4,2.0014800002101243,0.214033918,1036981,560355,2377167,1597336,1,0,0,0.0,0.0
California,West,2017.0,6.0,39536653,1.0,1.0,3.5,1.252762968495368,0.067541831,20.1,11.5,43.3,47493,0.498201091,0.59548502,4.1,0.5999999999999996,0.47000362924573535,10.9,2.388762789235098,7.4,2.0014800002101243,0.214033918,689851,512465,1570110,1202316,1,0,0,0.0,0.0
California,West,2018.0,6.0,39557045,1.0,1.0,3.6,1.2809338454620642,0.067541831,20.1,11.5,43.3,47493,0.498201091,0.59548502,4.1,0.49999999999999956,0.4054651081081641,11.3,2.424802725718295,7.700000000000001,2.0412203288596382,0.214033918,497069,433106,1297132,930175,1,0,0,0.0,0.0
California,West,2019.0,6.0,39512223,1.0,1.0,3.5,1.252762968495368,0.067541831,20.1,11.5,43.3,47493,0.498201091,0.59548502,4.0,0.5,0.4054651081081644,11.2,2.4159137783010487,7.699999999999999,2.0412203288596382,0.214033918,431844,432239,1240632,864083,1,0,0,0.0,0.0
California,West,2020.0,6.0,39368078,1.0,1.0,3.5,1.252762968495368,0.067541831,20.1,11.5,43.3,47493,0.498201091,0.59548502,3.9,0.3999999999999999,0.3364722366212129,10.5,2.3513752571634776,7.0,1.9459101490553132,0.214033918,367297,714441,1601054,1081738,1,0,0,0.0,0.0
Connecticut,Northeast,1999.0,9.0,3386401,0.0,1.0,2.7,0.9932517730102834,0.120681109,28.5,5.8,44.5,53935,0.484301137,0.816415191,3.3,0.5999999999999996,0.47000362924573535,8.1,2.0918640616783932,5.3999999999999995,1.6863989535702286,0.136066586,41462,22375,87209,63837,1,0,0,0.0,0.0
Connecticut,Northeast,2000.0,9.0,3405565,0.0,1.0,3.0,1.0986122886681098,0.120681109,28.5,5.8,44.5,53935,0.484301137,0.816415191,3.3,0.2999999999999998,0.2623642644674909,8.9,2.186051276738094,5.9,1.7749523509116738,0.136066586,87541,8,87586,87549,1,0,0,0.0,0.0
Connecticut,Northeast,2001.0,9.0,3432835,0.0,1.0,2.7,0.9932517730102834,0.120681109,28.5,5.8,44.5,53935,0.484301137,0.816415191,3.4,0.6999999999999997,0.5306282510621703,8.2,2.1041341542702074,5.499999999999999,1.704748092238425,0.136066586,66094,9414,89689,75508,1,0,0,0.0,0.0
Connecticut,Northeast,2002.0,9.0,3458749,0.0,1.0,2.0,0.6931471805599453,0.120681109,28.5,5.8,44.5,53935,0.484301137,0.816415191,2.5,0.5,0.4054651081081644,7.5,2.0149030205422647,5.5,1.7047480922384253,0.136066586,39618,24680,93598,64298,1,0,0,0.0,0.0
Connecticut,Northeast,2003.0,9.0,3484336,0.0,1.0,2.3,0.8329091229351039,0.120681109,28.5,5.8,44.5,53935,0.484301137,0.816415191,2.6,0.30000000000000027,0.2623642644674913,7.8,2.0541237336955462,5.5,1.7047480922384253,0.136066586,43163,25588,100567,68751,1,0,0,0.0,0.0
Connecticut,Northeast,2004.0,9.0,3496094,0.0,1.0,2.5,0.9162907318741551,0.120681109,28.5,5.8,44.5,53935,0.484301137,0.816415191,3.0,0.5,0.4054651081081644,8.4,2.128231705849268,5.9,1.7749523509116738,0.136066586,48361,22768,100916,71129,1,0,0,0.0,0.0
Connecticut,Northeast,2005.0,9.0,3506956,0.0,1.0,2.6,0.9555114450274363,0.120681109,28.5,5.8,44.5,53935,0.484301137,0.816415191,3.2,0.6000000000000001,0.47000362924573563,8.4,2.128231705849268,5.800000000000001,1.7578579175523739,0.136066586,44075,24806,97599,68881,1,0,0,0.0,0.0
Connecticut,Northeast,2006.0,9.0,3517460,0.0,1.0,1.9,0.6418538861723947,0.120681109,28.5,5.8,44.5,53935,0.484301137,0.816415191,2.2,0.30000000000000027,0.2623642644674913,8.3,2.1162555148025524,6.4,1.8562979903656263,0.136066586,41706,25726,97616,67432,1,0,0,0.0,0.0
Connecticut,Northeast,2007.0,9.0,3527270,0.0,1.0,1.8,0.5877866649021191,0.120681109,28.5,5.8,44.5,53935,0.484301137,0.816415191,2.2,0.40000000000000013,0.336472236621213,7.7,2.0412203288596382,5.9,1.7749523509116738,0.136066586,52769,29991,116112,82760,1,0,0,0.0,0.0
Connecticut,Northeast,2008.0,9.0,3545579,0.0,1.0,2.5,0.9162907318741551,0.120681109,28.5,5.8,44.5,53935,0.484301137,0.816415191,3.1,0.6000000000000001,0.47000362924573563,8.9,2.186051276738094,6.4,1.8562979903656263,0.136066586,73454,37234,155885,110688,1,0,0,0.0,0.0
Connecticut,Northeast,2009.0,9.0,3561807,0.0,1.0,2.4,0.8754687373538999,0.120681109,28.5,5.8,44.5,53935,0.484301137,0.816415191,2.6,0.20000000000000018,0.1823215567939548,8.9,2.186051276738094,6.5,1.8718021769015913,0.136066586,114110,46464,202454,160574,1,0,0,0.0,0.0
Connecticut,Northeast,2010.0,9.0,3574097,0.0,1.0,2.7,0.9932517730102834,0.120681109,28.5,5.8,44.5,53935,0.484301137,0.816415191,3.1,0.3999999999999999,0.3364722366212129,9.9,2.2925347571405443,7.2,1.9740810260220096,0.136066586,90942,47545,179595,138487,1,0,0,0.0,0.0
Connecticut,Northeast,2011.0,9.0,3580709,0.0,1.0,2.8,1.0296194171811581,0.120681109,28.5,5.8,44.5,53935,0.484301137,0.816415191,3.1,0.30000000000000027,0.2623642644674913,10.3,2.33214389523559,7.500000000000001,2.0149030205422647,0.136066586,93587,49793,186068,143380,1,0,0,0.0,0.0
Connecticut,Northeast,2012.0,9.0,3590347,0.0,1.0,2.7,0.9932517730102834,0.120681109,28.5,5.8,44.5,53935,0.484301137,0.816415191,3.1,0.3999999999999999,0.3364722366212129,10.2,2.322387720290225,7.499999999999999,2.0149030205422647,0.136066586,117327,63570,237496,180897,1,0,0,0.0,0.0
Connecticut,Northeast,2013.0,9.0,3596080,0.0,1.0,2.1,0.7419373447293773,0.120681109,28.5,5.8,44.5,53935,0.484301137,0.816415191,2.6,0.5,0.4054651081081644,9.2,2.2192034840549946,7.1,1.9600947840472698,0.136066586,163105,68920,294338,232025,1,0,0,0.0,0.0
Connecticut,Northeast,2014.0,9.0,3596677,0.0,1.0,3.1,1.1314021114911006,0.120681109,28.5,5.8,44.5,53935,0.484301137,0.816415191,3.5,0.3999999999999999,0.3364722366212129,10.5,2.3513752571634776,7.4,2.0014800002101243,0.136066586,130334,78637,270297,208971,1,0,0,0.0,0.0
Connecticut,Northeast,2015.0,9.0,3590886,0.0,1.0,2.3,0.8329091229351039,0.120681109,28.5,5.8,44.5,53935,0.484301137,0.816415191,2.9,0.6000000000000001,0.47000362924573563,10.7,2.3702437414678603,8.399999999999999,2.128231705849268,0.136066586,133565,123507,307750,257072,1,0,0,0.0,0.0
Connecticut,Northeast,2016.0,9.0,3576452,0.0,1.0,2.6,0.9555114450274363,0.120681109,28.5,5.8,44.5,53935,0.484301137,0.816415191,3.1,0.5,0.4054651081081644,11.1,2.4069451083182885,8.5,2.1400661634962708,0.136066586,148949,122375,317692,271324,1,0,0,0.0,0.0
Connecticut,Northeast,2017.0,9.0,3588184,0.0,1.0,2.7,0.9932517730102834,0.120681109,28.5,5.8,44.5,53935,0.484301137,0.816415191,3.0,0.2999999999999998,0.2623642644674909,11.3,2.424802725718295,8.600000000000001,2.1517622032594623,0.136066586,77904,71853,181779,149757,1,0,0,0.0,0.0
Connecticut,Northeast,2018.0,9.0,3572665,0.0,1.0,2.9,1.0647107369924282,0.120681109,28.5,5.8,44.5,53935,0.484301137,0.816415191,3.6,0.7000000000000002,0.5306282510621705,11.7,2.4595888418037104,8.799999999999999,2.1747517214841605,0.136066586,80559,60630,177690,141189,1,0,0,0.0,0.0
Connecticut,Northeast,2019.0,9.0,3565287,0.0,1.0,2.8,1.0296194171811581,0.120681109,28.5,5.8,44.5,53935,0.484301137,0.816415191,3.3,0.5,0.4054651081081644,12.2,2.501435951739211,9.399999999999999,2.240709689275958,0.136066586,78974,58808,172935,137782,1,0,0,0.0,0.0
Connecticut,Northeast,2020.0,9.0,3557006,0.0,1.0,2.7,0.9932517730102834,0.120681109,28.5,5.8,44.5,53935,0.484301137,0.816415191,3.1,0.3999999999999999,0.3364722366212129,10.2,2.322387720290225,7.499999999999999,2.0149030205422647,0.136066586,84569,76558,219227,161127,1,0,0,0.0,0.0
Hawaii,West,1999.0,15.0,1210300,1.0,1.0,1.8,0.5877866649021191,0.099495811,28.5,7.2,43.9,49820,0.502395717,0.24275115,1.9,0.09999999999999987,0.09531017980432474,11.2,2.4159137783010487,9.399999999999999,2.240709689275958,0.231944635,5339,0,5343,5339,1,0,0,0.0,0.0
Hawaii,West,2000.0,15.0,1211537,1.0,1.0,2.6,0.9555114450274363,0.099495811,28.5,7.2,43.9,49820,0.502395717,0.24275115,3.1,0.5,0.4054651081081644,11.3,2.424802725718295,8.700000000000001,2.1633230256605382,0.231944635,6609,0,6609,6609,1,0,0,0.0,0.0
Hawaii,West,2001.0,15.0,1225948,1.0,1.0,2.1,0.7419373447293773,0.099495811,28.5,7.2,43.9,49820,0.502395717,0.24275115,2.5,0.3999999999999999,0.3364722366212129,11.1,2.4069451083182885,9.0,2.1972245773362196,0.231944635,7456,0,7464,7456,1,0,0,0.0,0.0
Hawaii,West,2002.0,15.0,1239613,1.0,1.0,1.6,0.47000362924573563,0.099495811,28.5,7.2,43.9,49820,0.502395717,0.24275115,1.7,0.09999999999999987,0.09531017980432474,9.7,2.272125885509337,8.1,2.0918640616783932,0.231944635,7801,0,7807,7801,1,0,0,0.0,0.0
Hawaii,West,2003.0,15.0,1251154,1.0,1.0,1.8,0.5877866649021191,0.099495811,28.5,7.2,43.9,49820,0.502395717,0.24275115,1.9,0.09999999999999987,0.09531017980432474,10.4,2.341805806147327,8.6,2.151762203259462,0.231944635,7394,0,7439,7394,1,0,0,0.0,0.0
Hawaii,West,2004.0,15.0,1273569,1.0,1.0,2.1,0.7419373447293773,0.099495811,28.5,7.2,43.9,49820,0.502395717,0.24275115,2.4,0.2999999999999998,0.2623642644674909,9.1,2.2082744135228043,7.0,1.9459101490553132,0.231944635,7295,0,7298,7295,1,0,0,0.0,0.0
Hawaii,West,2005.0,15.0,1292729,1.0,1.0,1.7,0.5306282510621704,0.099495811,28.5,7.2,43.9,49820,0.502395717,0.24275115,1.7,0.0,0.0,8.3,2.1162555148025524,6.6000000000000005,1.88706964903238,0.231944635,7574,0,7575,7574,1,0,0,0.0,0.0
Hawaii,West,2006.0,15.0,1309731,1.0,1.0,1.4,0.3364722366212129,0.099495811,28.5,7.2,43.9,49820,0.502395717,0.24275115,1.6,0.20000000000000018,0.1823215567939548,9.2,2.2192034840549946,7.799999999999999,2.054123733695546,0.231944635,7580,0,7588,7580,1,0,0,0.0,0.0
Hawaii,West,2007.0,15.0,1315675,1.0,1.0,2.0,0.6931471805599453,0.099495811,28.5,7.2,43.9,49820,0.502395717,0.24275115,2.1,0.10000000000000009,0.09531017980432493,10.1,2.312535423847214,8.1,2.0918640616783932,0.231944635,6511,0,6521,6511,1,0,0,0.0,0.0
Hawaii,West,2008.0,15.0,1332213,1.0,1.0,2.0,0.6931471805599453,0.099495811,28.5,7.2,43.9,49820,0.502395717,0.24275115,2.1,0.10000000000000009,0.09531017980432493,10.0,2.302585092994046,8.0,2.0794415416798357,0.231944635,8562,0,8569,8562,1,0,0,0.0,0.0
Hawaii,West,2009.0,15.0,1346717,1.0,1.0,2.3,0.8329091229351039,0.099495811,28.5,7.2,43.9,49820,0.502395717,0.24275115,2.7,0.40000000000000036,0.33647223662121317,12.9,2.5572273113676265,10.600000000000001,2.3608540011180215,0.231944635,10511,0,10511,10511,1,0,0,0.0,0.0
Hawaii,West,2010.0,15.0,1360301,1.0,1.0,2.5,0.9162907318741551,0.099495811,28.5,7.2,43.9,49820,0.502395717,0.24275115,2.7,0.20000000000000018,0.1823215567939548,15.2,2.7212954278522306,12.7,2.5416019934645457,0.231944635,10527,0,10533,10527,1,0,0,0.0,0.0
Hawaii,West,2011.0,15.0,1374810,1.0,1.0,2.5,0.9162907318741551,0.099495811,28.5,7.2,43.9,49820,0.502395717,0.24275115,3.1,0.6000000000000001,0.47000362924573563,13.1,2.5726122302071057,10.6,2.3608540011180215,0.231944635,12626,0,12635,12626,1,0,0,0.0,0.0
Hawaii,West,2012.0,15.0,1392313,1.0,1.0,2.8,1.0296194171811581,0.099495811,28.5,7.2,43.9,49820,0.502395717,0.24275115,3.1,0.30000000000000027,0.2623642644674913,13.6,2.6100697927420065,10.8,2.379546134130174,0.231944635,17406,2,17428,17408,1,0,0,0.0,0.0
Hawaii,West,2013.0,15.0,1404054,1.0,1.0,1.6,0.47000362924573563,0.099495811,28.5,7.2,43.9,49820,0.502395717,0.24275115,2.0,0.3999999999999999,0.3364722366212129,12.2,2.501435951739211,10.6,2.3608540011180215,0.231944635,17415,0,17416,17415,1,0,0,0.0,0.0
Hawaii,West,2014.0,15.0,1419561,1.0,1.0,2.0,0.6931471805599453,0.099495811,28.5,7.2,43.9,49820,0.502395717,0.24275115,2.3,0.2999999999999998,0.2623642644674909,14.4,2.667228206581955,12.4,2.517696472610991,0.231944635,15225,0,15225,15225,1,0,0,0.0,0.0
Hawaii,West,2015.0,15.0,1431603,1.0,1.0,2.6,0.9555114450274363,0.099495811,28.5,7.2,43.9,49820,0.502395717,0.24275115,3.1,0.5,0.4054651081081644,14.0,2.6390573296152584,11.4,2.4336133554004498,0.231944635,15266,0,15290,15266,1,0,0,0.0,0.0
Hawaii,West,2016.0,15.0,1428557,1.0,1.0,2.5,0.9162907318741551,0.099495811,28.5,7.2,43.9,49820,0.502395717,0.24275115,2.6,0.10000000000000009,0.09531017980432493,12.2,2.501435951739211,9.7,2.272125885509337,0.231944635,16627,0,16681,16627,1,0,0,0.0,0.0
Hawaii,West,2017.0,15.0,1427538,1.0,1.0,2.1,0.7419373447293773,0.099495811,28.5,7.2,43.9,49820,0.502395717,0.24275115,2.1,0.0,0.0,15.9,2.766319109226186,13.8,2.624668592163159,0.231944635,12712,0,12742,12712,1,0,0,0.0,0.0
Hawaii,West,2018.0,15.0,1420491,1.0,1.0,1.9,0.6418538861723947,0.099495811,28.5,7.2,43.9,49820,0.502395717,0.24275115,2.1,0.20000000000000018,0.1823215567939548,12.4,2.517696472610991,10.5,2.3513752571634776,0.231944635,14046,0,14088,14046,1,0,0,0.0,0.0
Hawaii,West,2019.0,15.0,1415872,1.0,1.0,2.8,1.0296194171811581,0.099495811,28.5,7.2,43.9,49820,0.502395717,0.24275115,2.9,0.10000000000000009,0.09531017980432493,15.8,2.760009940032921,13.0,2.5649493574615367,0.231944635,12624,0,12666,12624,1,0,0,0.0,0.0
Hawaii,West,2020.0,15.0,1407006,1.0,1.0,2.1,0.7419373447293773,0.099495811,28.5,7.2,43.9,49820,0.502395717,0.24275115,2.2,0.10000000000000009,0.09531017980432493,13.0,2.5649493574615367,10.9,2.388762789235098,0.231944635,20078,0,20102,20078,1,0,0,0.0,0.0
Illinois,Midwest,1999.0,17.0,12359020,1.0,1.0,3.3,1.1939224684724346,0.126501372,27.7,7.5,46.3,46590,0.489587934,0.734781843,3.9,0.6000000000000001,0.47000362924573563,8.3,2.1162555148025524,5.000000000000001,1.6094379124341005,0.208270958,296607,77420,484848,374027,1,0,0,0.0,0.0
Illinois,Midwest,2000.0,17.0,12419293,1.0,1.0,3.0,1.0986122886681098,0.126501372,27.7,7.5,46.3,46590,0.489587934,0.734781843,3.5,0.5,0.4054651081081644,8.1,2.0918640616783932,5.1,1.62924053973028,0.208270958,296360,60504,449771,356864,1,0,0,0.0,0.0
Illinois,Midwest,2001.0,17.0,12488445,1.0,1.0,3.6,1.2809338454620642,0.126501372,27.7,7.5,46.3,46590,0.489587934,0.734781843,4.0,0.3999999999999999,0.3364722366212129,9.1,2.2082744135228043,5.5,1.7047480922384253,0.208270958,307614,57953,462702,365567,1,0,0,0.0,0.0
Illinois,Midwest,2002.0,17.0,12525556,1.0,1.0,3.2,1.1631508098056809,0.126501372,27.7,7.5,46.3,46590,0.489587934,0.734781843,3.7,0.5,0.4054651081081644,9.1,2.2082744135228043,5.8999999999999995,1.7749523509116736,0.208270958,298024,52562,446138,350586,1,0,0,0.0,0.0
Illinois,Midwest,2003.0,17.0,12556006,1.0,1.0,2.9,1.0647107369924282,0.126501372,27.7,7.5,46.3,46590,0.489587934,0.734781843,3.2,0.30000000000000027,0.2623642644674913,8.0,2.0794415416798357,5.1,1.62924053973028,0.208270958,363619,53877,515917,417496,1,0,0,0.0,0.0
Illinois,Midwest,2004.0,17.0,12589773,1.0,1.0,2.7,0.9932517730102834,0.126501372,27.7,7.5,46.3,46590,0.489587934,0.734781843,3.1,0.3999999999999999,0.3364722366212129,8.1,2.0918640616783932,5.3999999999999995,1.6863989535702286,0.208270958,433946,53904,590417,487850,1,0,0,0.0,0.0
Illinois,Midwest,2005.0,17.0,12609903,1.0,1.0,2.9,1.0647107369924282,0.126501372,27.7,7.5,46.3,46590,0.489587934,0.734781843,3.4,0.5,0.4054651081081644,8.6,2.151762203259462,5.699999999999999,1.7404661748405044,0.208270958,372188,56745,527134,428933,1,0,0,0.0,0.0
Illinois,Midwest,2006.0,17.0,12643955,1.0,1.0,2.6,0.9555114450274363,0.126501372,27.7,7.5,46.3,46590,0.489587934,0.734781843,2.9,0.2999999999999998,0.2623642644674909,8.0,2.0794415416798357,5.4,1.6863989535702288,0.208270958,365917,60587,527698,426504,1,0,0,0.0,0.0
Illinois,Midwest,2007.0,17.0,12695866,1.0,1.0,2.9,1.0647107369924282,0.126501372,27.7,7.5,46.3,46590,0.489587934,0.734781843,3.3,0.3999999999999999,0.3364722366212129,8.7,2.163323025660538,5.799999999999999,1.7578579175523734,0.208270958,375313,64374,536975,439687,1,0,0,0.0,0.0
Illinois,Midwest,2008.0,17.0,12747038,1.0,1.0,2.9,1.0647107369924282,0.126501372,27.7,7.5,46.3,46590,0.489587934,0.734781843,3.4,0.5,0.4054651081081644,9.4,2.2407096892759584,6.5,1.8718021769015913,0.208270958,427723,80729,615941,508452,1,0,0,0.0,0.0
Illinois,Midwest,2009.0,17.0,12796778,1.0,1.0,2.8,1.0296194171811581,0.126501372,27.7,7.5,46.3,46590,0.489587934,0.734781843,3.1,0.30000000000000027,0.2623642644674913,9.2,2.2192034840549946,6.3999999999999995,1.856297990365626,0.208270958,528388,99880,752071,628268,1,0,0,0.0,0.0
Illinois,Midwest,2010.0,17.0,12830632,1.0,1.0,3.1,1.1314021114911006,0.126501372,27.7,7.5,46.3,46590,0.489587934,0.734781843,3.4,0.2999999999999998,0.2623642644674909,9.2,2.2192034840549946,6.1,1.8082887711792655,0.208270958,463699,109204,695300,572903,1,0,0,0.0,0.0
Illinois,Midwest,2011.0,17.0,12869257,1.0,1.0,3.2,1.1631508098056809,0.126501372,27.7,7.5,46.3,46590,0.489587934,0.734781843,3.6,0.3999999999999999,0.3364722366212129,9.5,2.2512917986064953,6.3,1.840549633397487,0.208270958,553984,134178,828962,688162,1,0,0,0.0,0.0
Illinois,Midwest,2012.0,17.0,12875255,1.0,1.0,3.3,1.1939224684724346,0.126501372,27.7,7.5,46.3,46590,0.489587934,0.734781843,3.8,0.5,0.4054651081081644,10.0,2.302585092994046,6.7,1.9021075263969205,0.208270958,670197,181910,1036061,852107,1,0,0,0.0,0.0
Illinois,Midwest,2013.0,17.0,12882135,1.0,1.0,3.5,1.252762968495368,0.126501372,27.7,7.5,46.3,46590,0.489587934,0.734781843,3.9,0.3999999999999999,0.3364722366212129,10.2,2.322387720290225,6.699999999999999,1.9021075263969203,0.208270958,848615,236374,1280613,1084989,1,0,0,0.0,0.0
Illinois,Midwest,2014.0,17.0,12880580,1.0,1.0,3.8,1.33500106673234,0.126501372,27.7,7.5,46.3,46590,0.489587934,0.734781843,4.1,0.2999999999999998,0.2623642644674909,10.8,2.379546134130174,7.000000000000001,1.9459101490553135,0.208270958,944162,235090,1344096,1179252,1,0,0,0.0,0.0
Illinois,Midwest,2015.0,17.0,12859995,1.0,1.0,3.5,1.252762968495368,0.126501372,27.7,7.5,46.3,46590,0.489587934,0.734781843,3.8,0.2999999999999998,0.2623642644674909,10.6,2.3608540011180215,7.1,1.9600947840472698,0.208270958,838018,252978,1247398,1090996,1,0,0,0.0,0.0
Illinois,Midwest,2016.0,17.0,12801539,1.0,1.0,3.6,1.2809338454620642,0.126501372,27.7,7.5,46.3,46590,0.489587934,0.734781843,4.0,0.3999999999999999,0.3364722366212129,11.0,2.3978952727983707,7.4,2.0014800002101243,0.208270958,962930,352411,1924070,1315341,1,0,0,0.0,0.0
Illinois,Midwest,2017.0,17.0,12802023,1.0,1.0,4.2,1.4350845252893227,0.126501372,27.7,7.5,46.3,46590,0.489587934,0.734781843,4.5,0.2999999999999998,0.2623642644674909,11.5,2.4423470353692043,7.3,1.9878743481543455,0.208270958,182719,282267,1601087,464986,1,0,0,0.0,0.0
Illinois,Midwest,2018.0,17.0,12741080,1.0,1.0,4.2,1.4350845252893227,0.126501372,27.7,7.5,46.3,46590,0.489587934,0.734781843,4.5,0.2999999999999998,0.2623642644674909,11.7,2.4595888418037104,7.499999999999999,2.0149030205422647,0.208270958,190991,259554,2831447,450545,1,0,0,0.0,0.0
Illinois,Midwest,2019.0,17.0,12671821,1.0,1.0,4.0,1.3862943611198906,0.126501372,27.7,7.5,46.3,46590,0.489587934,0.734781843,4.3,0.2999999999999998,0.2623642644674909,11.3,2.424802725718295,7.300000000000001,1.9878743481543455,0.208270958,166970,248616,4949570,415586,1,0,0,0.0,0.0
Illinois,Midwest,2020.0,17.0,12587530,1.0,1.0,4.0,1.3862943611198906,0.126501372,27.7,7.5,46.3,46590,0.489587934,0.734781843,4.3,0.2999999999999998,0.2623642644674909,10.8,2.379546134130174,6.800000000000001,1.916922612182061,0.208270958,385780,370984,7455065,756764,1,0,0,0.0,0.0
Iowa,Midwest,1999.0,19.0,2917634,0.0,1.0,2.8,1.0296194171811581,0.386093917,36.1,5.6,50.0,39469,0.490552311,0.939280818,5.5,2.7,1.308332819650179,10.5,2.3513752571634776,7.7,2.0412203288596382,0.432515882,46013,649,92222,46662,1,0,0,0.0,0.0
Iowa,Midwest,2000.0,19.0,2926324,0.0,1.0,3.3,1.1939224684724346,0.386093917,36.1,5.6,50.0,39469,0.490552311,0.939280818,5.4,2.1000000000000005,1.1314021114911008,9.9,2.2925347571405443,6.6000000000000005,1.88706964903238,0.432515882,45153,440,87796,45593,1,0,0,0.0,0.0
Iowa,Midwest,2001.0,19.0,2931997,0.0,1.0,3.2,1.1631508098056809,0.386093917,36.1,5.6,50.0,39469,0.490552311,0.939280818,5.4,2.2,1.1631508098056809,10.3,2.33214389523559,7.1000000000000005,1.9600947840472698,0.432515882,47681,411,89658,48092,1,0,0,0.0,0.0
Iowa,Midwest,2002.0,19.0,2934234,0.0,1.0,2.7,0.9932517730102834,0.386093917,36.1,5.6,50.0,39469,0.490552311,0.939280818,5.4,2.7,1.308332819650179,10.7,2.3702437414678603,7.999999999999999,2.0794415416798357,0.432515882,49567,283,90358,49850,1,0,0,0.0,0.0
Iowa,Midwest,2003.0,19.0,2941999,0.0,1.0,3.4,1.2237754316221157,0.386093917,36.1,5.6,50.0,39469,0.490552311,0.939280818,6.1,2.6999999999999997,1.3083328196501787,12.0,2.4849066497880004,8.6,2.151762203259462,0.432515882,50608,251,95127,50859,1,0,0,0.0,0.0
Iowa,Midwest,2004.0,19.0,2953635,0.0,1.0,2.6,0.9555114450274363,0.386093917,36.1,5.6,50.0,39469,0.490552311,0.939280818,5.2,2.6,1.2809338454620642,11.6,2.451005098112319,9.0,2.1972245773362196,0.432515882,51050,306,98517,51356,1,0,0,0.0,0.0
Iowa,Midwest,2005.0,19.0,2964454,0.0,1.0,2.9,1.0647107369924282,0.386093917,36.1,5.6,50.0,39469,0.490552311,0.939280818,5.7,2.8000000000000003,1.3350010667323402,11.2,2.4159137783010487,8.299999999999999,2.116255514802552,0.432515882,52476,296,100344,52772,1,0,0,0.0,0.0
Iowa,Midwest,2006.0,19.0,2982644,0.0,1.0,2.4,0.8754687373538999,0.386093917,36.1,5.6,50.0,39469,0.490552311,0.939280818,5.0,2.6,1.2809338454620642,11.2,2.4159137783010487,8.799999999999999,2.1747517214841605,0.432515882,53022,258,101430,53280,1,0,0,0.0,0.0
Iowa,Midwest,2007.0,19.0,2999212,0.0,1.0,2.4,0.8754687373538999,0.386093917,36.1,5.6,50.0,39469,0.490552311,0.939280818,4.4,2.0000000000000004,1.0986122886681098,10.7,2.3702437414678603,8.299999999999999,2.116255514802552,0.432515882,54471,231,98888,54702,1,0,0,0.0,0.0
Iowa,Midwest,2008.0,19.0,3016734,0.0,1.0,3.1,1.1314021114911006,0.386093917,36.1,5.6,50.0,39469,0.490552311,0.939280818,6.0,2.9,1.3609765531356006,12.6,2.533696813957432,9.5,2.2512917986064953,0.432515882,63746,355,108330,64101,1,0,0,0.0,0.0
Iowa,Midwest,2009.0,19.0,3032870,0.0,1.0,2.9,1.0647107369924282,0.386093917,36.1,5.6,50.0,39469,0.490552311,0.939280818,5.3,2.4,1.2237754316221157,11.9,2.4765384001174837,9.0,2.1972245773362196,0.432515882,76640,441,120233,77081,1,0,0,0.0,0.0
Iowa,Midwest,2010.0,19.0,3046355,0.0,1.0,3.2,1.1631508098056809,0.386093917,36.1,5.6,50.0,39469,0.490552311,0.939280818,5.8,2.5999999999999996,1.2809338454620642,12.2,2.501435951739211,9.0,2.1972245773362196,0.432515882,82079,588,124738,82667,1,0,0,0.0,0.0
Iowa,Midwest,2011.0,19.0,3062309,0.0,1.0,3.4,1.2237754316221157,0.386093917,36.1,5.6,50.0,39469,0.490552311,0.939280818,6.0,2.6,1.2809338454620642,13.8,2.624668592163159,10.4,2.341805806147327,0.432515882,135236,995,179944,136231,1,0,0,0.0,0.0
Iowa,Midwest,2012.0,19.0,3074186,0.0,1.0,3.4,1.2237754316221157,0.386093917,36.1,5.6,50.0,39469,0.490552311,0.939280818,5.7,2.3000000000000003,1.1939224684724346,12.5,2.5257286443082556,9.1,2.2082744135228043,0.432515882,98634,1473,147700,100107,1,0,0,0.0,0.0
Iowa,Midwest,2013.0,19.0,3090416,0.0,1.0,4.7,1.547562508716013,0.386093917,36.1,5.6,50.0,39469,0.490552311,0.939280818,7.2,2.5,1.252762968495368,14.5,2.6741486494265287,9.8,2.2823823856765264,0.432515882,114907,2132,160062,117039,1,0,0,0.0,0.0
Iowa,Midwest,2014.0,19.0,3107126,0.0,1.0,4.0,1.3862943611198906,0.386093917,36.1,5.6,50.0,39469,0.490552311,0.939280818,6.2,2.2,1.1631508098056809,13.1,2.5726122302071057,9.1,2.2082744135228043,0.432515882,88110,2130,127022,90240,1,0,0,0.0,0.0
Iowa,Midwest,2015.0,19.0,3123899,0.0,1.0,4.7,1.547562508716013,0.386093917,36.1,5.6,50.0,39469,0.490552311,0.939280818,6.2,1.5,0.9162907318741551,13.8,2.624668592163159,9.100000000000001,2.2082744135228043,0.432515882,108952,2678,147309,111630,1,0,0,0.0,0.0
Iowa,Midwest,2016.0,19.0,3134693,0.0,1.0,5.2,1.6486586255873816,0.386093917,36.1,5.6,50.0,39469,0.490552311,0.939280818,7.3,2.0999999999999996,1.1314021114911004,14.4,2.667228206581955,9.2,2.2192034840549946,0.432515882,161841,2790,202277,164631,1,0,0,0.0,0.0
Iowa,Midwest,2017.0,19.0,3145711,0.0,1.0,5.2,1.6486586255873816,0.386093917,36.1,5.6,50.0,39469,0.490552311,0.939280818,7.1,1.8999999999999995,1.0647107369924282,15.2,2.7212954278522306,10.0,2.302585092994046,0.432515882,107424,2376,160981,109800,1,0,0,0.0,0.0
Iowa,Midwest,2018.0,19.0,3156145,0.0,1.0,5.2,1.6486586255873816,0.386093917,36.1,5.6,50.0,39469,0.490552311,0.939280818,7.3,2.0999999999999996,1.1314021114911004,15.5,2.740840023925201,10.3,2.33214389523559,0.432515882,98568,1901,189159,100469,1,0,0,0.0,0.0
Iowa,Midwest,2019.0,19.0,3155070,0.0,1.0,5.7,1.7404661748405046,0.386093917,36.1,5.6,50.0,39469,0.490552311,0.939280818,7.4,1.7000000000000002,0.9932517730102834,16.7,2.8154087194227095,11.0,2.3978952727983707,0.432515882,64525,2098,182802,66623,1,0,0,0.0,0.0
Iowa,Midwest,2020.0,19.0,3163561,0.0,1.0,6.1,1.8082887711792655,0.386093917,36.1,5.6,50.0,39469,0.490552311,0.939280818,8.2,2.0999999999999996,1.1314021114911004,17.4,2.856470206220483,11.299999999999999,2.424802725718295,0.432515882,122121,3310,270614,125431,1,0,0,0.0,0.0
Maryland,South,1999.0,24.0,5254509,1.0,1.0,3.8,1.33500106673234,0.13644074,26.7,5.1,42.9,52868,0.482922828,0.640293961,4.6,0.7999999999999998,0.587786664902119,8.2,2.1041341542702074,4.3999999999999995,1.4816045409242153,0.238226809,37549,2054,91381,39603,1,0,0,0.0,0.0
Maryland,South,2000.0,24.0,5296486,1.0,1.0,3.9,1.3609765531356006,0.13644074,26.7,5.1,42.9,52868,0.482922828,0.640293961,4.6,0.6999999999999997,0.5306282510621703,8.9,2.186051276738094,5.0,1.6094379124341003,0.238226809,35960,1708,84309,37668,1,0,0,0.0,0.0
Maryland,South,2001.0,24.0,5374691,1.0,1.0,3.4,1.2237754316221157,0.13644074,26.7,5.1,42.9,52868,0.482922828,0.640293961,4.1,0.6999999999999997,0.5306282510621703,8.4,2.128231705849268,5.0,1.6094379124341003,0.238226809,30014,1355,83347,31369,1,0,0,0.0,0.0
Maryland,South,2002.0,24.0,5440389,1.0,1.0,3.7,1.308332819650179,0.13644074,26.7,5.1,42.9,52868,0.482922828,0.640293961,4.3,0.5999999999999996,0.47000362924573535,8.8,2.174751721484161,5.1000000000000005,1.6292405397302803,0.238226809,27781,650,78764,28431,1,0,0,0.0,0.0
Maryland,South,2003.0,24.0,5496269,1.0,1.0,3.7,1.308332819650179,0.13644074,26.7,5.1,42.9,52868,0.482922828,0.640293961,4.3,0.5999999999999996,0.47000362924573535,8.9,2.186051276738094,5.2,1.6486586255873816,0.238226809,27009,772,78270,27781,1,0,0,0.0,0.0
Maryland,South,2004.0,24.0,5546935,1.0,1.0,3.8,1.33500106673234,0.13644074,26.7,5.1,42.9,52868,0.482922828,0.640293961,4.5,0.7000000000000002,0.5306282510621705,9.0,2.1972245773362196,5.2,1.6486586255873816,0.238226809,23183,2552,77481,25735,1,0,0,0.0,0.0
Maryland,South,2005.0,24.0,5592379,1.0,1.0,3.2,1.1631508098056809,0.13644074,26.7,5.1,42.9,52868,0.482922828,0.640293961,3.9,0.6999999999999997,0.5306282510621703,8.4,2.128231705849268,5.2,1.6486586255873816,0.238226809,19260,9591,80947,28851,1,0,0,0.0,0.0
Maryland,South,2006.0,24.0,5627367,1.0,1.0,3.7,1.308332819650179,0.13644074,26.7,5.1,42.9,52868,0.482922828,0.640293961,4.2,0.5,0.4054651081081644,8.8,2.174751721484161,5.1000000000000005,1.6292405397302803,0.238226809,20977,8957,82207,29934,1,0,0,0.0,0.0
Maryland,South,2007.0,24.0,5653408,1.0,1.0,3.7,1.308332819650179,0.13644074,26.7,5.1,42.9,52868,0.482922828,0.640293961,4.1,0.39999999999999947,0.33647223662121256,9.1,2.2082744135228043,5.3999999999999995,1.6863989535702286,0.238226809,11076,22237,80249,33313,1,0,0,0.0,0.0
Maryland,South,2008.0,24.0,5684965,1.0,1.0,4.0,1.3862943611198906,0.13644074,26.7,5.1,42.9,52868,0.482922828,0.640293961,4.6,0.5999999999999996,0.47000362924573535,8.8,2.174751721484161,4.800000000000001,1.5686159179138455,0.238226809,3357,36916,89583,40273,1,0,0,0.0,0.0
Maryland,South,2009.0,24.0,5730388,1.0,1.0,4.0,1.3862943611198906,0.13644074,26.7,5.1,42.9,52868,0.482922828,0.640293961,4.4,0.40000000000000036,0.33647223662121317,9.6,2.2617630984737906,5.6,1.7227665977411035,0.238226809,1,45907,95191,45908,1,0,0,0.0,0.0
Maryland,South,2010.0,24.0,5773552,1.0,1.0,3.1,1.1314021114911006,0.13644074,26.7,5.1,42.9,52868,0.482922828,0.640293961,3.8,0.6999999999999997,0.5306282510621703,8.7,2.163323025660538,5.6,1.7227665977411035,0.238226809,4,39909,88162,39913,1,0,0,0.0,0.0
Maryland,South,2011.0,24.0,5828289,1.0,1.0,3.3,1.1939224684724346,0.13644074,26.7,5.1,42.9,52868,0.482922828,0.640293961,4.2,0.9000000000000004,0.6418538861723949,9.5,2.2512917986064953,6.2,1.824549292051046,0.238226809,290,45851,103020,46141,1,0,0,0.0,0.0
Maryland,South,2012.0,24.0,5884563,1.0,1.0,3.9,1.3609765531356006,0.13644074,26.7,5.1,42.9,52868,0.482922828,0.640293961,4.6,0.6999999999999997,0.5306282510621703,9.9,2.2925347571405443,6.0,1.791759469228055,0.238226809,166,66909,136604,67075,1,0,0,0.0,0.0
Maryland,South,2013.0,24.0,5928814,1.0,1.0,3.5,1.252762968495368,0.13644074,26.7,5.1,42.9,52868,0.482922828,0.640293961,4.3,0.7999999999999998,0.587786664902119,9.6,2.2617630984737906,6.1,1.8082887711792655,0.238226809,7207,132453,231182,139660,1,0,0,0.0,0.0
Maryland,South,2014.0,24.0,5976407,1.0,1.0,3.6,1.2809338454620642,0.13644074,26.7,5.1,42.9,52868,0.482922828,0.640293961,4.6,0.9999999999999996,0.6931471805599451,10.1,2.312535423847214,6.5,1.8718021769015913,0.238226809,19079,55012,142207,74091,1,0,0,0.0,0.0
Maryland,South,2015.0,24.0,6006401,1.0,1.0,3.2,1.1631508098056809,0.13644074,26.7,5.1,42.9,52868,0.482922828,0.640293961,4.1,0.8999999999999995,0.6418538861723945,9.2,2.2192034840549946,5.999999999999999,1.791759469228055,0.238226809,19122,37088,125694,56210,1,0,0,0.0,0.0
Maryland,South,2016.0,24.0,6016447,1.0,1.0,3.6,1.2809338454620642,0.13644074,26.7,5.1,42.9,52868,0.482922828,0.640293961,4.2,0.6000000000000001,0.47000362924573563,9.7,2.272125885509337,6.1,1.8082887711792655,0.238226809,36025,52305,165367,88330,1,0,0,0.0,0.0
Maryland,South,2017.0,24.0,6052177,1.0,1.0,3.7,1.308332819650179,0.13644074,26.7,5.1,42.9,52868,0.482922828,0.640293961,4.5,0.7999999999999998,0.587786664902119,10.4,2.341805806147327,6.7,1.9021075263969205,0.238226809,34365,51873,158659,86238,1,0,0,0.0,0.0
Maryland,South,2018.0,24.0,6042718,1.0,1.0,3.7,1.308332819650179,0.13644074,26.7,5.1,42.9,52868,0.482922828,0.640293961,4.4,0.7000000000000002,0.5306282510621705,10.8,2.379546134130174,7.1000000000000005,1.9600947840472698,0.238226809,31341,52671,151470,84012,1,0,0,0.0,0.0
Maryland,South,2019.0,24.0,6045680,1.0,1.0,3.5,1.252762968495368,0.13644074,26.7,5.1,42.9,52868,0.482922828,0.640293961,4.4,0.9000000000000004,0.6418538861723949,10.9,2.388762789235098,7.4,2.0014800002101243,0.238226809,40927,43180,148813,84107,1,0,0,0.0,0.0
Maryland,South,2020.0,24.0,6055802,1.0,1.0,3.7,1.308332819650179,0.13644074,26.7,5.1,42.9,52868,0.482922828,0.640293961,4.4,0.7000000000000002,0.5306282510621705,9.7,2.272125885509337,5.999999999999999,1.791759469228055,0.238226809,92738,93594,302563,186332,1,0,0,0.0,0.0
Massachusetts,Northeast,1999.0,25.0,6317345,0.0,1.0,1.4,0.3364722366212129,0.088757809,27.3,5.8,42.5,50502,0.481771817,0.845362104,1.9,0.5,0.4054651081081644,6.8,1.916922612182061,5.4,1.6863989535702288,0.104968563,1903,9504,24314,11407,1,0,0,0.0,0.0
Massachusetts,Northeast,2000.0,25.0,6349097,0.0,1.0,1.2,0.1823215567939546,0.088757809,27.3,5.8,42.5,50502,0.481771817,0.845362104,1.7,0.5,0.4054651081081644,6.1,1.8082887711792655,4.8999999999999995,1.5892352051165808,0.104968563,26698,14067,54843,40765,1,0,0,0.0,0.0
Massachusetts,Northeast,2001.0,25.0,6397634,0.0,1.0,1.2,0.1823215567939546,0.088757809,27.3,5.8,42.5,50502,0.481771817,0.845362104,1.7,0.5,0.4054651081081644,6.7,1.9021075263969205,5.5,1.7047480922384253,0.104968563,34792,15490,66635,50282,1,0,0,0.0,0.0
Massachusetts,Northeast,2002.0,25.0,6417206,0.0,1.0,1.2,0.1823215567939546,0.088757809,27.3,5.8,42.5,50502,0.481771817,0.845362104,1.5,0.30000000000000004,0.26236426446749106,6.8,1.916922612182061,5.6,1.7227665977411035,0.104968563,56175,17775,94824,73950,1,0,0,0.0,0.0
Massachusetts,Northeast,2003.0,25.0,6422565,0.0,1.0,1.7,0.5306282510621704,0.088757809,27.3,5.8,42.5,50502,0.481771817,0.845362104,1.9,0.19999999999999996,0.1823215567939546,6.7,1.9021075263969205,5.0,1.6094379124341003,0.104968563,85043,21189,131395,106232,1,0,0,0.0,0.0
Massachusetts,Northeast,2004.0,25.0,6412281,0.0,1.0,1.3,0.26236426446749106,0.088757809,27.3,5.8,42.5,50502,0.481771817,0.845362104,1.5,0.19999999999999996,0.1823215567939546,6.6,1.8870696490323797,5.3,1.667706820558076,0.104968563,41202,20815,112996,62017,1,0,0,0.0,0.0
Massachusetts,Northeast,2005.0,25.0,6403290,0.0,1.0,1.5,0.4054651081081644,0.088757809,27.3,5.8,42.5,50502,0.481771817,0.845362104,1.7,0.19999999999999996,0.1823215567939546,7.5,2.0149030205422647,6.0,1.791759469228055,0.104968563,64584,20581,105347,85165,1,0,0,0.0,0.0
Massachusetts,Northeast,2006.0,25.0,6410084,0.0,1.0,1.3,0.26236426446749106,0.088757809,27.3,5.8,42.5,50502,0.481771817,0.845362104,1.6,0.30000000000000004,0.26236426446749106,7.0,1.9459101490553132,5.7,1.7404661748405046,0.104968563,96876,21341,137148,118217,1,0,0,0.0,0.0
Massachusetts,Northeast,2007.0,25.0,6431559,0.0,1.0,1.6,0.47000362924573563,0.088757809,27.3,5.8,42.5,50502,0.481771817,0.845362104,1.8,0.19999999999999996,0.1823215567939546,8.0,2.0794415416798357,6.4,1.8562979903656263,0.104968563,125399,22247,165446,147646,1,0,0,0.0,0.0
Massachusetts,Northeast,2008.0,25.0,6468967,0.0,1.0,1.6,0.47000362924573563,0.088757809,27.3,5.8,42.5,50502,0.481771817,0.845362104,1.8,0.19999999999999996,0.1823215567939546,7.9,2.066862759472976,6.300000000000001,1.8405496333974871,0.104968563,75251,24184,119859,99435,1,0,0,0.0,0.0
Massachusetts,Northeast,2009.0,25.0,6517613,0.0,1.0,1.1,0.09531017980432493,0.088757809,27.3,5.8,42.5,50502,0.481771817,0.845362104,1.4,0.2999999999999998,0.2623642644674909,8.1,2.0918640616783932,7.0,1.9459101490553132,0.104968563,44428,30166,98864,74594,1,0,0,0.0,0.0
Massachusetts,Northeast,2010.0,25.0,6547629,0.0,1.0,1.9,0.6418538861723947,0.088757809,27.3,5.8,42.5,50502,0.481771817,0.845362104,2.1,0.20000000000000018,0.1823215567939548,9.1,2.2082744135228043,7.199999999999999,1.9740810260220096,0.104968563,58474,33468,115904,91942,1,0,0,0.0,0.0
Massachusetts,Northeast,2011.0,25.0,6587536,0.0,1.0,1.5,0.4054651081081644,0.088757809,27.3,5.8,42.5,50502,0.481771817,0.845362104,1.8,0.30000000000000004,0.26236426446749106,8.9,2.186051276738094,7.4,2.0014800002101243,0.104968563,83795,42506,153487,126301,1,0,0,0.0,0.0
Massachusetts,Northeast,2012.0,25.0,6646144,0.0,1.0,2.0,0.6931471805599453,0.088757809,27.3,5.8,42.5,50502,0.481771817,0.845362104,2.3,0.2999999999999998,0.2623642644674909,9.1,2.2082744135228043,7.1,1.9600947840472698,0.104968563,115496,55136,210453,170632,1,0,0,0.0,0.0
Massachusetts,Northeast,2013.0,25.0,6692824,0.0,1.0,1.4,0.3364722366212129,0.088757809,27.3,5.8,42.5,50502,0.481771817,0.845362104,1.7,0.30000000000000004,0.26236426446749106,8.5,2.1400661634962708,7.1,1.9600947840472698,0.104968563,143528,61219,251361,204747,1,0,0,0.0,0.0
Massachusetts,Northeast,2014.0,25.0,6745408,0.0,1.0,1.6,0.47000362924573563,0.088757809,27.3,5.8,42.5,50502,0.481771817,0.845362104,1.9,0.2999999999999998,0.2623642644674909,8.8,2.174751721484161,7.200000000000001,1.9740810260220099,0.104968563,80130,59663,179344,139793,1,0,0,0.0,0.0
Massachusetts,Northeast,2015.0,25.0,6794422,0.0,1.0,1.5,0.4054651081081644,0.088757809,27.3,5.8,42.5,50502,0.481771817,0.845362104,1.7,0.19999999999999996,0.1823215567939546,9.4,2.2407096892759584,7.9,2.066862759472976,0.104968563,60526,65841,167285,126367,1,0,0,0.0,0.0
Massachusetts,Northeast,2016.0,25.0,6811779,0.0,1.0,1.8,0.5877866649021191,0.088757809,27.3,5.8,42.5,50502,0.481771817,0.845362104,2.1,0.30000000000000004,0.26236426446749106,9.2,2.2192034840549946,7.3999999999999995,2.001480000210124,0.104968563,97516,75977,226212,173493,1,0,0,0.0,0.0
Massachusetts,Northeast,2017.0,25.0,6859819,0.0,1.0,2.0,0.6931471805599453,0.088757809,27.3,5.8,42.5,50502,0.481771817,0.845362104,2.2,0.20000000000000018,0.1823215567939548,9.9,2.2925347571405443,7.9,2.066862759472976,0.104968563,96467,66966,206492,163433,1,0,0,0.0,0.0
Massachusetts,Northeast,2018.0,25.0,6902149,0.0,1.0,2.0,0.6931471805599453,0.088757809,27.3,5.8,42.5,50502,0.481771817,0.845362104,2.1,0.10000000000000009,0.09531017980432493,10.7,2.3702437414678603,8.7,2.163323025660538,0.104968563,116282,53039,211295,169321,1,0,0,0.0,0.0
Massachusetts,Northeast,2019.0,25.0,6892503,0.0,1.0,1.9,0.6418538861723947,0.088757809,27.3,5.8,42.5,50502,0.481771817,0.845362104,2.1,0.20000000000000018,0.1823215567939548,9.4,2.2407096892759584,7.5,2.0149030205422647,0.104968563,123086,50515,212316,173601,1,0,0,0.0,0.0
Massachusetts,Northeast,2020.0,25.0,6893574,0.0,1.0,1.8,0.5877866649021191,0.088757809,27.3,5.8,42.5,50502,0.481771817,0.845362104,1.9,0.09999999999999987,0.09531017980432474,8.9,2.186051276738094,7.1000000000000005,1.9600947840472698,0.104968563,125381,80609,262583,205990,1,0,0,0.0,0.0
Michigan,Midwest,1999.0,26.0,9897116,0.0,1.0,4.2,1.4350845252893227,0.278598316,31.3,4.7,47.9,44667,0.490327762,0.801539255,5.5,1.2999999999999998,0.8329091229351039,9.8,2.2823823856765264,5.6000000000000005,1.7227665977411037,0.390756125,123760,1398,307769,125158,1,0,1,2013.0,-14.0
Michigan,Midwest,2000.0,26.0,9938444,0.0,1.0,4.1,1.410986973710262,0.278598316,31.3,4.7,47.9,44667,0.490327762,0.801539255,5.3,1.2000000000000002,0.7884573603642703,9.8,2.2823823856765264,5.700000000000001,1.7404661748405046,0.390756125,121971,964,300661,122935,1,0,1,2013.0,-13.0
Michigan,Midwest,2001.0,26.0,9991120,0.0,1.0,4.4,1.4816045409242156,0.278598316,31.3,4.7,47.9,44667,0.490327762,0.801539255,5.4,1.0,0.6931471805599453,10.5,2.3513752571634776,6.1,1.8082887711792655,0.390756125,176059,5213,363424,181272,1,0,1,2013.0,-12.0
Michigan,Midwest,2002.0,26.0,10015710,0.0,1.0,4.5,1.5040773967762742,0.278598316,31.3,4.7,47.9,44667,0.490327762,0.801539255,5.8,1.2999999999999998,0.8329091229351039,11.0,2.3978952727983707,6.5,1.8718021769015913,0.390756125,152273,23208,353540,175481,1,0,1,2013.0,-11.0
Michigan,Midwest,2003.0,26.0,10041152,0.0,1.0,4.1,1.410986973710262,0.278598316,31.3,4.7,47.9,44667,0.490327762,0.801539255,5.2,1.1000000000000005,0.7419373447293776,10.2,2.322387720290225,6.1,1.8082887711792655,0.390756125,134124,27094,342161,161218,1,0,1,2013.0,-10.0
Michigan,Midwest,2004.0,26.0,10055315,0.0,1.0,3.9,1.3609765531356006,0.278598316,31.3,4.7,47.9,44667,0.490327762,0.801539255,5.3,1.4,0.8754687373538999,10.9,2.388762789235098,7.0,1.9459101490553132,0.390756125,135692,32590,342418,168282,1,0,1,2013.0,-9.0
Michigan,Midwest,2005.0,26.0,10051137,0.0,1.0,4.1,1.410986973710262,0.278598316,31.3,4.7,47.9,44667,0.490327762,0.801539255,5.5,1.4000000000000004,0.8754687373539001,11.0,2.3978952727983707,6.9,1.9315214116032138,0.390756125,141407,33065,337035,174472,1,0,1,2013.0,-8.0
Michigan,Midwest,2006.0,26.0,10036081,0.0,1.0,4.6,1.5260563034950492,0.278598316,31.3,4.7,47.9,44667,0.490327762,0.801539255,6.0,1.4000000000000004,0.8754687373539001,11.3,2.424802725718295,6.700000000000001,1.9021075263969205,0.390756125,139160,28568,332428,167728,1,0,1,2013.0,-7.0
Michigan,Midwest,2007.0,26.0,10001284,0.0,1.0,4.1,1.410986973710262,0.278598316,31.3,4.7,47.9,44667,0.490327762,0.801539255,5.6,1.5,0.9162907318741551,11.3,2.424802725718295,7.200000000000001,1.9740810260220099,0.390756125,139924,24619,311851,164543,1,0,1,2013.0,-6.0
Michigan,Midwest,2008.0,26.0,9946889,0.0,1.0,4.4,1.4816045409242156,0.278598316,31.3,4.7,47.9,44667,0.490327762,0.801539255,5.7,1.2999999999999998,0.8329091229351039,11.9,2.4765384001174837,7.5,2.0149030205422647,0.390756125,185005,26618,357335,211623,1,0,1,2013.0,-5.0
Michigan,Midwest,2009.0,26.0,9901591,0.0,1.0,4.5,1.5040773967762742,0.278598316,31.3,4.7,47.9,44667,0.490327762,0.801539255,5.8,1.2999999999999998,0.8329091229351039,11.8,2.468099531471619,7.300000000000001,1.9878743481543455,0.390756125,194808,25707,362172,220515,1,0,1,2013.0,-4.0
Michigan,Midwest,2010.0,26.0,9883640,0.0,1.0,4.8,1.5686159179138452,0.278598316,31.3,4.7,47.9,44667,0.490327762,0.801539255,6.1,1.2999999999999998,0.8329091229351039,12.8,2.5494451709255714,8.0,2.0794415416798357,0.390756125,194283,18523,348200,212806,1,0,1,2013.0,-3.0
Michigan,Midwest,2011.0,26.0,9876187,0.0,1.0,4.9,1.589235205116581,0.278598316,31.3,4.7,47.9,44667,0.490327762,0.801539255,6.3,1.3999999999999995,0.8754687373538997,12.4,2.517696472610991,7.5,2.0149030205422647,0.390756125,201143,15224,356635,216367,1,0,1,2013.0,-2.0
Michigan,Midwest,2012.0,26.0,9883360,0.0,1.0,4.9,1.589235205116581,0.278598316,31.3,4.7,47.9,44667,0.490327762,0.801539255,6.3,1.3999999999999995,0.8754687373538997,12.7,2.5416019934645457,7.799999999999999,2.054123733695546,0.390756125,242029,21005,430405,263034,1,0,1,2013.0,-1.0
Michigan,Midwest,2013.0,26.0,9895622,0.0,0.0,5.5,1.7047480922384253,0.278598316,31.3,4.7,47.9,44667,0.490327762,0.801539255,6.8,1.2999999999999998,0.8329091229351039,13.1,2.5726122302071057,7.6,2.028148247292285,0.390756125,200912,136643,503979,337555,0,1,1,2013.0,0.0
Michigan,Midwest,2014.0,26.0,9909877,0.0,0.0,5.3,1.667706820558076,0.278598316,31.3,4.7,47.9,44667,0.490327762,0.801539255,6.8,1.5,0.9162907318741551,13.6,2.6100697927420065,8.3,2.1162555148025524,0.390756125,177757,110011,424091,287768,0,1,1,2013.0,1.0
Michigan,Midwest,2015.0,26.0,9922576,0.0,0.0,5.8,1.7578579175523736,0.278598316,31.3,4.7,47.9,44667,0.490327762,0.801539255,7.0,1.2000000000000002,0.7884573603642703,14.2,2.653241964607215,8.399999999999999,2.128231705849268,0.390756125,217034,141689,500921,358723,0,1,1,2013.0,2.0
Michigan,Midwest,2016.0,26.0,9928300,0.0,0.0,6.0,1.791759469228055,0.278598316,31.3,4.7,47.9,44667,0.490327762,0.801539255,7.2,1.2000000000000002,0.7884573603642703,13.7,2.617395832834079,7.699999999999999,2.0412203288596382,0.390756125,251162,164878,579605,416040,0,1,1,2013.0,3.0
Michigan,Midwest,2017.0,26.0,9962311,0.0,0.0,5.6,1.7227665977411035,0.278598316,31.3,4.7,47.9,44667,0.490327762,0.801539255,6.8,1.2000000000000002,0.7884573603642703,14.6,2.681021528714291,9.0,2.1972245773362196,0.390756125,232407,141062,513243,373469,0,1,1,2013.0,4.0
Michigan,Midwest,2018.0,26.0,9995915,0.0,0.0,6.6,1.8870696490323797,0.278598316,31.3,4.7,47.9,44667,0.490327762,0.801539255,8.1,1.5,0.9162907318741551,15.5,2.740840023925201,8.9,2.186051276738094,0.390756125,234325,123070,489957,357395,0,1,1,2013.0,5.0
Michigan,Midwest,2019.0,26.0,9986857,0.0,0.0,6.2,1.824549292051046,0.278598316,31.3,4.7,47.9,44667,0.490327762,0.801539255,7.4,1.2000000000000002,0.7884573603642703,14.7,2.6878474937846906,8.5,2.1400661634962708,0.390756125,218541,126582,492171,345123,0,1,1,2013.0,6.0
Michigan,Midwest,2020.0,26.0,9966555,0.0,0.0,6.5,1.8718021769015913,0.278598316,31.3,4.7,47.9,44667,0.490327762,0.801539255,7.6,1.0999999999999996,0.7419373447293771,14.5,2.6741486494265287,8.0,2.0794415416798357,0.390756125,263107,407304,1068511,670411,0,1,1,2013.0,7.0
Minnesota,Midwest,1999.0,27.0,4873481,1.0,0.0,3.7,1.308332819650179,0.31763899,28.8,5.0,40.8,47111,0.495099379,0.894460978,4.7,1.0,0.6931471805599453,9.0,2.1972245773362196,5.3,1.667706820558076,0.40970367,29783,27953,177929,57736,1,0,0,0.0,0.0
Minnesota,Midwest,2000.0,27.0,4919479,1.0,0.0,3.5,1.252762968495368,0.31763899,28.8,5.0,40.8,47111,0.495099379,0.894460978,4.5,1.0,0.6931471805599453,8.9,2.186051276738094,5.4,1.6863989535702288,0.40970367,32839,29984,185100,62823,1,0,0,0.0,0.0
Minnesota,Midwest,2001.0,27.0,4982796,1.0,0.0,4.0,1.3862943611198906,0.31763899,28.8,5.0,40.8,47111,0.495099379,0.894460978,4.9,0.9000000000000004,0.6418538861723949,9.6,2.2617630984737906,5.6,1.7227665977411035,0.40970367,38847,28882,191935,67729,1,0,0,0.0,0.0
Minnesota,Midwest,2002.0,27.0,5018935,1.0,0.0,3.7,1.308332819650179,0.31763899,28.8,5.0,40.8,47111,0.495099379,0.894460978,4.7,1.0,0.6931471805599453,9.8,2.2823823856765264,6.1000000000000005,1.8082887711792657,0.40970367,38844,28026,192392,66870,1,0,0,0.0,0.0
Minnesota,Midwest,2003.0,27.0,5053572,1.0,0.0,3.7,1.308332819650179,0.31763899,28.8,5.0,40.8,47111,0.495099379,0.894460978,4.8,1.0999999999999996,0.7419373447293771,9.8,2.2823823856765264,6.1000000000000005,1.8082887711792657,0.40970367,56971,39391,229728,96362,1,0,0,0.0,0.0
Minnesota,Midwest,2004.0,27.0,5087713,1.0,0.0,3.7,1.308332819650179,0.31763899,28.8,5.0,40.8,47111,0.495099379,0.894460978,5.3,1.5999999999999996,0.9555114450274362,10.3,2.33214389523559,6.6000000000000005,1.88706964903238,0.40970367,51552,38578,227846,90130,1,0,0,0.0,0.0
Minnesota,Midwest,2005.0,27.0,5119598,1.0,0.0,3.6,1.2809338454620642,0.31763899,28.8,5.0,40.8,47111,0.495099379,0.894460978,5.0,1.4,0.8754687373538999,10.7,2.3702437414678603,7.1,1.9600947840472698,0.40970367,52464,36959,224165,89423,1,0,0,0.0,0.0
Minnesota,Midwest,2006.0,27.0,5163555,1.0,0.0,3.2,1.1631508098056809,0.31763899,28.8,5.0,40.8,47111,0.495099379,0.894460978,4.7,1.5,0.9162907318741551,10.7,2.3702437414678603,7.499999999999999,2.0149030205422647,0.40970367,63730,40890,244712,104620,1,0,0,0.0,0.0
Minnesota,Midwest,2007.0,27.0,5207203,1.0,0.0,3.5,1.252762968495368,0.31763899,28.8,5.0,40.8,47111,0.495099379,0.894460978,5.1,1.5999999999999996,0.9555114450274362,11.0,2.3978952727983707,7.5,2.0149030205422647,0.40970367,73309,44506,248086,117815,1,0,0,0.0,0.0
Minnesota,Midwest,2008.0,27.0,5247018,1.0,0.0,3.7,1.308332819650179,0.31763899,28.8,5.0,40.8,47111,0.495099379,0.894460978,5.5,1.7999999999999998,1.0296194171811581,11.3,2.424802725718295,7.6000000000000005,2.0281482472922856,0.40970367,92602,54590,277175,147192,1,0,0,0.0,0.0
Minnesota,Midwest,2009.0,27.0,5281203,1.0,0.0,3.4,1.2237754316221157,0.31763899,28.8,5.0,40.8,47111,0.495099379,0.894460978,5.3,1.9,1.0647107369924282,11.0,2.3978952727983707,7.6,2.028148247292285,0.40970367,94956,61840,285130,156796,1,0,0,0.0,0.0
Minnesota,Midwest,2010.0,27.0,5303925,1.0,0.0,3.6,1.2809338454620642,0.31763899,28.8,5.0,40.8,47111,0.495099379,0.894460978,5.3,1.6999999999999997,0.9932517730102833,11.4,2.4336133554004498,7.800000000000001,2.0541237336955462,0.40970367,109840,58612,297390,168452,1,0,0,0.0,0.0
Minnesota,Midwest,2011.0,27.0,5344861,1.0,0.0,4.2,1.4350845252893227,0.31763899,28.8,5.0,40.8,47111,0.495099379,0.894460978,6.0,1.7999999999999998,1.0296194171811581,12.7,2.5416019934645457,8.5,2.1400661634962708,0.40970367,124260,72073,337534,196333,1,0,0,0.0,0.0
Minnesota,Midwest,2012.0,27.0,5379139,1.0,0.0,4.2,1.4350845252893227,0.31763899,28.8,5.0,40.8,47111,0.495099379,0.894460978,5.8,1.5999999999999996,0.9555114450274362,12.2,2.501435951739211,7.999999999999999,2.0794415416798357,0.40970367,172651,102120,440992,274771,1,0,0,0.0,0.0
Minnesota,Midwest,2013.0,27.0,5420380,1.0,0.0,4.6,1.5260563034950492,0.31763899,28.8,5.0,40.8,47111,0.495099379,0.894460978,6.3,1.7000000000000002,0.9932517730102834,12.5,2.5257286443082556,7.9,2.066862759472976,0.40970367,231076,124002,525774,355078,1,0,0,0.0,0.0
Minnesota,Midwest,2014.0,27.0,5457173,1.0,0.0,4.1,1.410986973710262,0.31763899,28.8,5.0,40.8,47111,0.495099379,0.894460978,5.6,1.5,0.9162907318741551,12.6,2.533696813957432,8.5,2.1400661634962708,0.40970367,237357,92969,481122,330326,1,0,0,0.0,0.0
Minnesota,Midwest,2015.0,27.0,5489594,1.0,0.0,3.8,1.33500106673234,0.31763899,28.8,5.0,40.8,47111,0.495099379,0.894460978,5.5,1.7000000000000002,0.9932517730102834,13.3,2.5877640352277083,9.5,2.2512917986064953,0.40970367,253341,110200,519244,363541,1,0,0,0.0,0.0
Minnesota,Midwest,2016.0,27.0,5519952,1.0,0.0,4.5,1.5040773967762742,0.31763899,28.8,5.0,40.8,47111,0.495099379,0.894460978,6.0,1.5,0.9162907318741551,13.5,2.6026896854443837,9.0,2.1972245773362196,0.40970367,350315,133962,651599,484277,1,0,0,0.0,0.0
Minnesota,Midwest,2017.0,27.0,5576606,1.0,0.0,5.1,1.62924053973028,0.31763899,28.8,5.0,40.8,47111,0.495099379,0.894460978,6.5,1.4000000000000004,0.8754687373539001,14.0,2.6390573296152584,8.9,2.186051276738094,0.40970367,443975,94383,683544,538358,1,0,0,0.0,0.0
Minnesota,Midwest,2018.0,27.0,5611179,1.0,0.0,5.2,1.6486586255873816,0.31763899,28.8,5.0,40.8,47111,0.495099379,0.894460978,6.3,1.0999999999999996,0.7419373447293771,13.2,2.580216829592325,7.999999999999999,2.0794415416798357,0.40970367,351809,62516,604078,414325,1,0,0,0.0,0.0
Minnesota,Midwest,2019.0,27.0,5639632,1.0,0.0,5.0,1.6094379124341003,0.31763899,28.8,5.0,40.8,47111,0.495099379,0.894460978,6.2,1.2000000000000002,0.7884573603642703,14.7,2.6878474937846906,9.7,2.272125885509337,0.40970367,129788,105932,682356,235720,1,0,0,0.0,0.0
Minnesota,Midwest,2020.0,27.0,5657342,1.0,0.0,4.9,1.589235205116581,0.31763899,28.8,5.0,40.8,47111,0.495099379,0.894460978,6.3,1.3999999999999995,0.8754687373538997,13.4,2.5952547069568657,8.5,2.1400661634962708,0.40970367,264295,185170,958391,449465,1,0,0,0.0,0.0
Missouri,Midwest,1999.0,29.0,5561948,0.0,1.0,4.8,1.5686159179138452,0.317268881,32.7,6.5,51.3,37934,0.486161648,0.848597667,7.7,2.9000000000000004,1.3609765531356008,12.6,2.533696813957432,7.8,2.0541237336955462,0.450483516,5,43744,206636,43749,1,0,1,2007.0,-8.0
Missouri,Midwest,2000.0,29.0,5595211,0.0,1.0,4.9,1.589235205116581,0.317268881,32.7,6.5,51.3,37934,0.486161648,0.848597667,7.8,2.8999999999999995,1.3609765531356006,12.5,2.5257286443082556,7.6,2.028148247292285,0.450483516,2,36523,191578,36525,1,0,1,2007.0,-7.0
Missouri,Midwest,2001.0,29.0,5641142,0.0,1.0,4.9,1.589235205116581,0.317268881,32.7,6.5,51.3,37934,0.486161648,0.848597667,7.6,2.6999999999999993,1.3083328196501787,12.8,2.5494451709255714,7.9,2.066862759472976,0.450483516,4,35511,199470,35515,1,0,1,2007.0,-6.0
Missouri,Midwest,2002.0,29.0,5674825,0.0,1.0,5.1,1.62924053973028,0.317268881,32.7,6.5,51.3,37934,0.486161648,0.848597667,7.5,2.4000000000000004,1.2237754316221159,12.2,2.501435951739211,7.1,1.9600947840472698,0.450483516,0,32075,197990,32075,1,0,1,2007.0,-5.0
Missouri,Midwest,2003.0,29.0,5709403,0.0,1.0,4.8,1.5686159179138452,0.317268881,32.7,6.5,51.3,37934,0.486161648,0.848597667,7.2,2.4000000000000004,1.2237754316221159,11.9,2.4765384001174837,7.1000000000000005,1.9600947840472698,0.450483516,0,36899,202865,36899,1,0,1,2007.0,-4.0
Missouri,Midwest,2004.0,29.0,5747741,0.0,1.0,4.7,1.547562508716013,0.317268881,32.7,6.5,51.3,37934,0.486161648,0.848597667,6.8,2.0999999999999996,1.1314021114911004,12.4,2.517696472610991,7.7,2.0412203288596382,0.450483516,0,44533,209316,44533,1,0,1,2007.0,-3.0
Missouri,Midwest,2005.0,29.0,5790300,0.0,1.0,5.1,1.62924053973028,0.317268881,32.7,6.5,51.3,37934,0.486161648,0.848597667,7.4,2.3000000000000007,1.1939224684724348,12.5,2.5257286443082556,7.4,2.0014800002101243,0.450483516,0,47532,214241,47532,1,0,1,2007.0,-2.0
Missouri,Midwest,2006.0,29.0,5842704,0.0,1.0,5.3,1.667706820558076,0.317268881,32.7,6.5,51.3,37934,0.486161648,0.848597667,7.6,2.3,1.1939224684724346,13.6,2.6100697927420065,8.3,2.1162555148025524,0.450483516,10166,51629,230374,61795,1,0,1,2007.0,-1.0
Missouri,Midwest,2007.0,29.0,5887612,0.0,0.0,5.5,1.7047480922384253,0.317268881,32.7,6.5,51.3,37934,0.486161648,0.848597667,7.7,2.2,1.1631508098056809,13.7,2.617395832834079,8.2,2.1041341542702074,0.450483516,31449,81328,274085,112777,0,1,1,2007.0,0.0
Missouri,Midwest,2008.0,29.0,5923916,0.0,0.0,5.4,1.6863989535702288,0.317268881,32.7,6.5,51.3,37934,0.486161648,0.848597667,7.1,1.6999999999999993,0.9932517730102831,13.1,2.5726122302071057,7.699999999999999,2.0412203288596382,0.450483516,7896,138874,321487,146770,0,1,1,2007.0,1.0
Missouri,Midwest,2009.0,29.0,5961088,0.0,0.0,6.2,1.824549292051046,0.317268881,32.7,6.5,51.3,37934,0.486161648,0.848597667,7.9,1.7000000000000002,0.9932517730102834,14.4,2.667228206581955,8.2,2.1041341542702074,0.450483516,13189,158961,355678,172150,0,1,1,2007.0,2.0
Missouri,Midwest,2010.0,29.0,5988927,0.0,0.0,6.3,1.840549633397487,0.317268881,32.7,6.5,51.3,37934,0.486161648,0.848597667,8.2,1.8999999999999995,1.0647107369924282,14.3,2.6602595372658615,8.0,2.0794415416798357,0.450483516,23095,149923,349672,173018,0,1,1,2007.0,3.0
Missouri,Midwest,2011.0,29.0,6010688,0.0,0.0,6.9,1.9315214116032138,0.317268881,32.7,6.5,51.3,37934,0.486161648,0.848597667,8.5,1.5999999999999996,0.9555114450274362,15.5,2.740840023925201,8.6,2.151762203259462,0.450483516,27697,167789,394923,195486,0,1,1,2007.0,4.0
Missouri,Midwest,2012.0,29.0,6021988,0.0,0.0,7.2,1.9740810260220096,0.317268881,32.7,6.5,51.3,37934,0.486161648,0.848597667,9.1,1.8999999999999995,1.0647107369924282,15.2,2.7212954278522306,7.999999999999999,2.0794415416798357,0.450483516,40304,219811,513303,260115,0,1,1,2007.0,5.0
Missouri,Midwest,2013.0,29.0,6044171,0.0,0.0,7.5,2.0149030205422647,0.317268881,32.7,6.5,51.3,37934,0.486161648,0.848597667,9.2,1.6999999999999993,0.9932517730102831,15.9,2.766319109226186,8.4,2.128231705849268,0.450483516,62745,240764,567009,303509,0,1,1,2007.0,6.0
Missouri,Midwest,2014.0,29.0,6063589,0.0,0.0,8.1,2.0918640616783932,0.317268881,32.7,6.5,51.3,37934,0.486161648,0.848597667,9.7,1.5999999999999996,0.9555114450274362,16.8,2.8213788864092133,8.700000000000001,2.1633230256605382,0.450483516,58191,216695,517063,274886,0,1,1,2007.0,7.0
Missouri,Midwest,2015.0,29.0,6083672,0.0,0.0,8.5,2.1400661634962708,0.317268881,32.7,6.5,51.3,37934,0.486161648,0.848597667,9.9,1.4000000000000004,0.8754687373539001,17.3,2.8507065015037334,8.8,2.174751721484161,0.450483516,85663,253977,584875,339640,0,1,1,2007.0,8.0
Missouri,Midwest,2016.0,29.0,6093000,0.0,0.0,9.4,2.2407096892759584,0.317268881,32.7,6.5,51.3,37934,0.486161648,0.848597667,10.7,1.299999999999999,0.8329091229351036,18.6,2.9231615807191558,9.200000000000001,2.2192034840549946,0.450483516,90972,274754,632319,365726,0,1,1,2007.0,9.0
Missouri,Midwest,2017.0,29.0,6113532,0.0,0.0,10.0,2.302585092994046,0.317268881,32.7,6.5,51.3,37934,0.486161648,0.848597667,11.5,1.5,0.9162907318741551,18.8,2.9338568698359038,8.8,2.174751721484161,0.450483516,10144,252709,524973,262853,0,1,1,2007.0,10.0
Missouri,Midwest,2018.0,29.0,6126452,0.0,0.0,10.4,2.341805806147327,0.317268881,32.7,6.5,51.3,37934,0.486161648,0.848597667,11.9,1.5,0.9162907318741551,20.1,3.0007198150650303,9.700000000000001,2.2721258855093374,0.450483516,15177,224305,496184,239482,0,1,1,2007.0,11.0
Missouri,Midwest,2019.0,29.0,6137428,0.0,0.0,9.9,2.2925347571405443,0.317268881,32.7,6.5,51.3,37934,0.486161648,0.848597667,11.1,1.1999999999999993,0.7884573603642698,18.6,2.9231615807191558,8.700000000000001,2.1633230256605382,0.450483516,33222,218453,497858,251675,0,1,1,2007.0,12.0
Missouri,Midwest,2020.0,29.0,6151548,0.0,0.0,10.3,2.33214389523559,0.317268881,32.7,6.5,51.3,37934,0.486161648,0.848597667,11.4,1.0999999999999996,0.7419373447293771,18.3,2.9069010598473755,8.0,2.0794415416798357,0.450483516,47641,352292,708184,399933,0,1,1,2007.0,13.0
Nebraska,Midwest,1999.0,31.0,1704764,0.0,1.0,4.9,1.589235205116581,0.316828751,31.3,5.4,44.7,39250,0.492823721,0.89598209,6.3,1.3999999999999995,0.8754687373538997,10.4,2.341805806147327,5.5,1.7047480922384253,0.493785852,16397,615,47959,17012,1,0,0,0.0,0.0
Nebraska,Midwest,2000.0,31.0,1711263,0.0,1.0,5.3,1.667706820558076,0.316828751,31.3,5.4,44.7,39250,0.492823721,0.89598209,6.7,1.4000000000000004,0.8754687373539001,11.3,2.424802725718295,6.000000000000001,1.7917594692280552,0.493785852,15279,393,44825,15672,1,0,0,0.0,0.0
Nebraska,Midwest,2001.0,31.0,1719836,0.0,1.0,5.3,1.667706820558076,0.316828751,31.3,5.4,44.7,39250,0.492823721,0.89598209,6.2,0.9000000000000004,0.6418538861723949,10.9,2.388762789235098,5.6000000000000005,1.7227665977411037,0.493785852,15486,293,44401,15779,1,0,0,0.0,0.0
Nebraska,Midwest,2002.0,31.0,1728292,0.0,1.0,5.0,1.6094379124341003,0.316828751,31.3,5.4,44.7,39250,0.492823721,0.89598209,6.1,1.0999999999999996,0.7419373447293771,11.6,2.451005098112319,6.6,1.8870696490323797,0.493785852,15609,179,43177,15788,1,0,0,0.0,0.0
Nebraska,Midwest,2003.0,31.0,1738643,0.0,1.0,4.6,1.5260563034950492,0.316828751,31.3,5.4,44.7,39250,0.492823721,0.89598209,5.2,0.6000000000000005,0.4700036292457359,10.1,2.312535423847214,5.5,1.7047480922384253,0.493785852,15722,169,44758,15891,1,0,0,0.0,0.0
Nebraska,Midwest,2004.0,31.0,1749370,0.0,1.0,3.8,1.33500106673234,0.316828751,31.3,5.4,44.7,39250,0.492823721,0.89598209,5.0,1.2000000000000002,0.7884573603642703,9.5,2.2512917986064953,5.7,1.7404661748405046,0.493785852,17188,156,48436,17344,1,0,0,0.0,0.0
Nebraska,Midwest,2005.0,31.0,1761497,0.0,1.0,4.9,1.589235205116581,0.316828751,31.3,5.4,44.7,39250,0.492823721,0.89598209,5.7,0.7999999999999998,0.587786664902119,10.6,2.3608540011180215,5.699999999999999,1.7404661748405044,0.493785852,17793,9,48172,17802,1,0,0,0.0,0.0
Nebraska,Midwest,2006.0,31.0,1772693,0.0,1.0,4.8,1.5686159179138452,0.316828751,31.3,5.4,44.7,39250,0.492823721,0.89598209,5.9,1.1000000000000005,0.7419373447293776,11.4,2.4336133554004498,6.6000000000000005,1.88706964903238,0.493785852,20314,11,51221,20325,1,0,0,0.0,0.0
Nebraska,Midwest,2007.0,31.0,1783440,0.0,1.0,4.1,1.410986973710262,0.316828751,31.3,5.4,44.7,39250,0.492823721,0.89598209,5.0,0.9000000000000004,0.6418538861723949,10.1,2.312535423847214,6.0,1.791759469228055,0.493785852,21499,11,52042,21510,1,0,0,0.0,0.0
Nebraska,Midwest,2008.0,31.0,1796378,0.0,1.0,4.6,1.5260563034950492,0.316828751,31.3,5.4,44.7,39250,0.492823721,0.89598209,5.5,0.9000000000000004,0.6418538861723949,10.6,2.3608540011180215,6.0,1.791759469228055,0.493785852,25172,102,56589,25274,1,0,0,0.0,0.0
Nebraska,Midwest,2009.0,31.0,1812683,0.0,1.0,4.4,1.4816045409242156,0.316828751,31.3,5.4,44.7,39250,0.492823721,0.89598209,5.1,0.6999999999999993,0.5306282510621699,9.4,2.2407096892759584,5.0,1.6094379124341003,0.493785852,29559,135,59328,29694,1,0,0,0.0,0.0
Nebraska,Midwest,2010.0,31.0,1826341,0.0,1.0,5.3,1.667706820558076,0.316828751,31.3,5.4,44.7,39250,0.492823721,0.89598209,5.8,0.5,0.4054651081081644,10.5,2.3513752571634776,5.2,1.6486586255873816,0.493785852,27728,897,58283,28625,1,0,0,0.0,0.0
Nebraska,Midwest,2011.0,31.0,1842641,0.0,1.0,5.4,1.6863989535702288,0.316828751,31.3,5.4,44.7,39250,0.492823721,0.89598209,6.0,0.5999999999999996,0.47000362924573535,10.4,2.341805806147327,5.0,1.6094379124341003,0.493785852,32299,1225,65860,33524,1,0,0,0.0,0.0
Nebraska,Midwest,2012.0,31.0,1855525,0.0,1.0,5.1,1.62924053973028,0.316828751,31.3,5.4,44.7,39250,0.492823721,0.89598209,6.2,1.1000000000000005,0.7419373447293776,12.4,2.517696472610991,7.300000000000001,1.9878743481543455,0.493785852,48284,1206,85860,49490,1,0,0,0.0,0.0
Nebraska,Midwest,2013.0,31.0,1868516,0.0,1.0,5.4,1.6863989535702288,0.316828751,31.3,5.4,44.7,39250,0.492823721,0.89598209,5.9,0.5,0.4054651081081644,11.8,2.468099531471619,6.4,1.8562979903656263,0.493785852,56897,1343,91553,58240,1,0,0,0.0,0.0
Nebraska,Midwest,2014.0,31.0,1881503,0.0,1.0,5.8,1.7578579175523736,0.316828751,31.3,5.4,44.7,39250,0.492823721,0.89598209,7.1,1.2999999999999998,0.8329091229351039,13.3,2.5877640352277083,7.500000000000001,2.0149030205422647,0.493785852,39333,1332,68568,40665,1,0,0,0.0,0.0
Nebraska,Midwest,2015.0,31.0,1896190,0.0,1.0,5.0,1.6094379124341003,0.316828751,31.3,5.4,44.7,39250,0.492823721,0.89598209,6.0,1.0,0.6931471805599453,11.8,2.468099531471619,6.800000000000001,1.916922612182061,0.493785852,49150,1809,79340,50959,1,0,0,0.0,0.0
Nebraska,Midwest,2016.0,31.0,1907116,0.0,1.0,5.2,1.6486586255873816,0.316828751,31.3,5.4,44.7,39250,0.492823721,0.89598209,6.1,0.8999999999999995,0.6418538861723945,12.9,2.5572273113676265,7.7,2.0412203288596382,0.493785852,58386,1717,88663,60103,1,0,0,0.0,0.0
Nebraska,Midwest,2017.0,31.0,1920076,0.0,1.0,5.1,1.62924053973028,0.316828751,31.3,5.4,44.7,39250,0.492823721,0.89598209,6.6,1.5,0.9162907318741551,14.3,2.6602595372658615,9.200000000000001,2.2192034840549946,0.493785852,45865,1669,74318,47534,1,0,0,0.0,0.0
Nebraska,Midwest,2018.0,31.0,1929268,0.0,1.0,6.4,1.8562979903656263,0.316828751,31.3,5.4,44.7,39250,0.492823721,0.89598209,7.5,1.0999999999999996,0.7419373447293771,14.0,2.6390573296152584,7.6,2.028148247292285,0.493785852,48582,1461,74477,50043,1,0,0,0.0,0.0
Nebraska,Midwest,2019.0,31.0,1934408,0.0,1.0,7.1,1.9600947840472698,0.316828751,31.3,5.4,44.7,39250,0.492823721,0.89598209,8.0,0.9000000000000004,0.6418538861723949,16.0,2.772588722239781,8.9,2.186051276738094,0.493785852,43394,1269,68236,44663,1,0,0,0.0,0.0
Nebraska,Midwest,2020.0,31.0,1937552,0.0,1.0,6.3,1.840549633397487,0.316828751,31.3,5.4,44.7,39250,0.492823721,0.89598209,7.2,0.9000000000000004,0.6418538861723949,14.6,2.681021528714291,8.3,2.1162555148025524,0.493785852,67891,2262,104511,70153,1,0,0,0.0,0.0
New Jersey,Northeast,1999.0,34.0,8359592,1.0,1.0,1.9,0.6418538861723947,0.05320132,29.4,6.6,47.3,55146,0.485220249,0.72551118,2.3,0.3999999999999999,0.3364722366212129,6.7,1.9021075263969205,4.800000000000001,1.5686159179138455,0.114084688,0,16176,38601,16176,1,0,0,0.0,0.0
New Jersey,Northeast,2000.0,34.0,8414350,1.0,1.0,1.5,0.4054651081081644,0.05320132,29.4,6.6,47.3,55146,0.485220249,0.72551118,1.8,0.30000000000000004,0.26236426446749106,6.6,1.8870696490323797,5.1,1.62924053973028,0.114084688,0,15263,37106,15263,1,0,0,0.0,0.0
New Jersey,Northeast,2001.0,34.0,8492671,1.0,1.0,1.6,0.47000362924573563,0.05320132,29.4,6.6,47.3,55146,0.485220249,0.72551118,2.0,0.3999999999999999,0.3364722366212129,6.9,1.9315214116032138,5.300000000000001,1.6677068205580763,0.114084688,0,13791,39527,13791,1,0,0,0.0,0.0
New Jersey,Northeast,2002.0,34.0,8552643,1.0,1.0,1.7,0.5306282510621704,0.05320132,29.4,6.6,47.3,55146,0.485220249,0.72551118,2.1,0.40000000000000013,0.336472236621213,6.5,1.8718021769015913,4.8,1.5686159179138452,0.114084688,0,17647,43318,17647,1,0,0,0.0,0.0
New Jersey,Northeast,2003.0,34.0,8601402,1.0,1.0,1.8,0.5877866649021191,0.05320132,29.4,6.6,47.3,55146,0.485220249,0.72551118,2.1,0.30000000000000004,0.26236426446749106,6.8,1.916922612182061,5.0,1.6094379124341003,0.114084688,0,15998,41733,15998,1,0,0,0.0,0.0
New Jersey,Northeast,2004.0,34.0,8634561,1.0,1.0,1.7,0.5306282510621704,0.05320132,29.4,6.6,47.3,55146,0.485220249,0.72551118,2.1,0.40000000000000013,0.336472236621213,6.9,1.9315214116032138,5.2,1.6486586255873816,0.114084688,0,14399,37376,14399,1,0,0,0.0,0.0
New Jersey,Northeast,2005.0,34.0,8651974,1.0,1.0,1.2,0.1823215567939546,0.05320132,29.4,6.6,47.3,55146,0.485220249,0.72551118,1.6,0.40000000000000013,0.336472236621213,6.2,1.824549292051046,5.0,1.6094379124341003,0.114084688,0,15541,36582,15541,1,0,0,0.0,0.0
New Jersey,Northeast,2006.0,34.0,8661679,1.0,1.0,1.6,0.47000362924573563,0.05320132,29.4,6.6,47.3,55146,0.485220249,0.72551118,2.0,0.3999999999999999,0.3364722366212129,6.7,1.9021075263969205,5.1,1.62924053973028,0.114084688,0,16360,37318,16360,1,0,0,0.0,0.0
New Jersey,Northeast,2007.0,34.0,8677885,1.0,1.0,1.5,0.4054651081081644,0.05320132,29.4,6.6,47.3,55146,0.485220249,0.72551118,1.9,0.3999999999999999,0.3364722366212129,6.8,1.916922612182061,5.3,1.667706820558076,0.114084688,0,16505,36412,16505,1,0,0,0.0,0.0
New Jersey,Northeast,2008.0,34.0,8711090,1.0,1.0,1.7,0.5306282510621704,0.05320132,29.4,6.6,47.3,55146,0.485220249,0.72551118,2.0,0.30000000000000004,0.26236426446749106,7.0,1.9459101490553132,5.3,1.667706820558076,0.114084688,0,19042,40525,19042,1,0,0,0.0,0.0
New Jersey,Northeast,2009.0,34.0,8755602,1.0,1.0,1.5,0.4054651081081644,0.05320132,29.4,6.6,47.3,55146,0.485220249,0.72551118,2.0,0.5,0.4054651081081644,6.3,1.840549633397487,4.8,1.5686159179138452,0.114084688,0,29976,55533,29976,1,0,0,0.0,0.0
New Jersey,Northeast,2010.0,34.0,8791894,1.0,1.0,1.9,0.6418538861723947,0.05320132,29.4,6.6,47.3,55146,0.485220249,0.72551118,2.1,0.20000000000000018,0.1823215567939548,8.2,2.1041341542702074,6.299999999999999,1.840549633397487,0.114084688,0,25593,50522,25593,1,0,0,0.0,0.0
New Jersey,Northeast,2011.0,34.0,8821155,1.0,1.0,1.7,0.5306282510621704,0.05320132,29.4,6.6,47.3,55146,0.485220249,0.72551118,2.1,0.40000000000000013,0.336472236621213,7.8,2.0541237336955462,6.1,1.8082887711792655,0.114084688,0,31163,60256,31163,1,0,0,0.0,0.0
New Jersey,Northeast,2012.0,34.0,8864590,1.0,1.0,1.5,0.4054651081081644,0.05320132,29.4,6.6,47.3,55146,0.485220249,0.72551118,1.8,0.30000000000000004,0.26236426446749106,7.6,2.028148247292285,6.1,1.8082887711792655,0.114084688,0,45151,85851,45151,1,0,0,0.0,0.0
New Jersey,Northeast,2013.0,34.0,8899339,1.0,1.0,1.9,0.6418538861723947,0.05320132,29.4,6.6,47.3,55146,0.485220249,0.72551118,2.2,0.30000000000000027,0.2623642644674913,8.5,2.1400661634962708,6.6,1.8870696490323797,0.114084688,0,66786,120071,66786,1,0,0,0.0,0.0
New Jersey,Northeast,2014.0,34.0,8938175,1.0,1.0,1.8,0.5877866649021191,0.05320132,29.4,6.6,47.3,55146,0.485220249,0.72551118,2.2,0.40000000000000013,0.336472236621213,8.8,2.174751721484161,7.000000000000001,1.9459101490553135,0.114084688,0,49910,92320,49910,1,0,0,0.0,0.0
New Jersey,Northeast,2015.0,34.0,8958013,1.0,1.0,1.8,0.5877866649021191,0.05320132,29.4,6.6,47.3,55146,0.485220249,0.72551118,2.1,0.30000000000000004,0.26236426446749106,8.8,2.174751721484161,7.000000000000001,1.9459101490553135,0.114084688,0,47849,90034,47849,1,0,0,0.0,0.0
New Jersey,Northeast,2016.0,34.0,8944469,1.0,1.0,1.6,0.47000362924573563,0.05320132,29.4,6.6,47.3,55146,0.485220249,0.72551118,2.0,0.3999999999999999,0.3364722366212129,7.7,2.0412203288596382,6.1,1.8082887711792655,0.114084688,0,70249,121853,70249,1,0,0,0.0,0.0
New Jersey,Northeast,2017.0,34.0,9005644,1.0,1.0,2.0,0.6931471805599453,0.05320132,29.4,6.6,47.3,55146,0.485220249,0.72551118,2.3,0.2999999999999998,0.2623642644674909,8.8,2.174751721484161,6.800000000000001,1.916922612182061,0.114084688,0,58989,103739,58989,1,0,0,0.0,0.0
New Jersey,Northeast,2018.0,34.0,8908520,1.0,1.0,1.9,0.6418538861723947,0.05320132,29.4,6.6,47.3,55146,0.485220249,0.72551118,2.2,0.30000000000000027,0.2623642644674913,8.7,2.163323025660538,6.799999999999999,1.9169226121820608,0.114084688,0,51074,93124,51074,1,0,0,0.0,0.0
New Jersey,Northeast,2019.0,34.0,8882190,1.0,1.0,1.7,0.5306282510621704,0.05320132,29.4,6.6,47.3,55146,0.485220249,0.72551118,1.9,0.19999999999999996,0.1823215567939546,8.6,2.151762203259462,6.8999999999999995,1.9315214116032136,0.114084688,0,48969,91257,48969,1,0,0,0.0,0.0
New Jersey,Northeast,2020.0,34.0,8882371,1.0,1.0,1.8,0.5877866649021191,0.05320132,29.4,6.6,47.3,55146,0.485220249,0.72551118,2.0,0.19999999999999996,0.1823215567939546,7.6,2.028148247292285,5.8,1.7578579175523736,0.114084688,0,100125,177901,100125,1,0,0,0.0,0.0
New York,Northeast,1999.0,36.0,18882725,0.0,1.0,1.7,0.5306282510621704,0.144313022,27.8,8.0,48.7,43393,0.482005044,0.679457129,2.3,0.5999999999999999,0.47000362924573547,6.3,1.840549633397487,4.6,1.5260563034950492,0.185761964,66554,10451,186627,77005,1,0,0,0.0,0.0
New York,Northeast,2000.0,36.0,18976457,0.0,1.0,1.8,0.5877866649021191,0.144313022,27.8,8.0,48.7,43393,0.482005044,0.679457129,2.4,0.5999999999999999,0.47000362924573547,6.0,1.791759469228055,4.2,1.4350845252893227,0.185761964,53844,9624,163974,63468,1,0,0,0.0,0.0
New York,Northeast,2001.0,36.0,19082838,0.0,1.0,1.8,0.5877866649021191,0.144313022,27.8,8.0,48.7,43393,0.482005044,0.679457129,2.4,0.5999999999999999,0.47000362924573547,6.6,1.8870696490323797,4.8,1.5686159179138452,0.185761964,56696,8629,175967,65325,1,0,0,0.0,0.0
New York,Northeast,2002.0,36.0,19137800,0.0,1.0,1.6,0.47000362924573563,0.144313022,27.8,8.0,48.7,43393,0.482005044,0.679457129,2.1,0.5,0.4054651081081644,6.4,1.8562979903656263,4.800000000000001,1.5686159179138455,0.185761964,48562,7883,160927,56445,1,0,0,0.0,0.0
New York,Northeast,2003.0,36.0,19175939,0.0,1.0,1.6,0.47000362924573563,0.144313022,27.8,8.0,48.7,43393,0.482005044,0.679457129,2.1,0.5,0.4054651081081644,6.1,1.8082887711792655,4.5,1.5040773967762742,0.185761964,35833,8649,150831,44482,1,0,0,0.0,0.0
New York,Northeast,2004.0,36.0,19171567,0.0,1.0,1.5,0.4054651081081644,0.144313022,27.8,8.0,48.7,43393,0.482005044,0.679457129,2.1,0.6000000000000001,0.47000362924573563,6.2,1.824549292051046,4.7,1.547562508716013,0.185761964,35791,10349,160222,46140,1,0,0,0.0,0.0
New York,Northeast,2005.0,36.0,19132610,0.0,1.0,1.8,0.5877866649021191,0.144313022,27.8,8.0,48.7,43393,0.482005044,0.679457129,2.4,0.5999999999999999,0.47000362924573547,6.2,1.824549292051046,4.4,1.4816045409242156,0.185761964,35594,12953,158781,48547,1,0,0,0.0,0.0
New York,Northeast,2006.0,36.0,19104631,0.0,1.0,1.6,0.47000362924573563,0.144313022,27.8,8.0,48.7,43393,0.482005044,0.679457129,2.2,0.6000000000000001,0.47000362924573563,6.9,1.9315214116032138,5.300000000000001,1.6677068205580763,0.185761964,41723,28880,199015,70603,1,0,0,0.0,0.0
New York,Northeast,2007.0,36.0,19132335,0.0,1.0,1.7,0.5306282510621704,0.144313022,27.8,8.0,48.7,43393,0.482005044,0.679457129,2.3,0.5999999999999999,0.47000362924573547,7.3,1.9878743481543455,5.6,1.7227665977411035,0.185761964,39927,40064,212174,79991,1,0,0,0.0,0.0
New York,Northeast,2008.0,36.0,19212436,0.0,1.0,1.7,0.5306282510621704,0.144313022,27.8,8.0,48.7,43393,0.482005044,0.679457129,2.2,0.5000000000000002,0.40546510810816455,7.3,1.9878743481543455,5.6,1.7227665977411035,0.185761964,35622,44324,221920,79946,1,0,0,0.0,0.0
New York,Northeast,2009.0,36.0,19307066,0.0,1.0,1.5,0.4054651081081644,0.144313022,27.8,8.0,48.7,43393,0.482005044,0.679457129,2.2,0.7000000000000002,0.5306282510621705,7.3,1.9878743481543455,5.8,1.7578579175523736,0.185761964,34216,54613,241165,88829,1,0,0,0.0,0.0
New York,Northeast,2010.0,36.0,19378102,0.0,1.0,1.7,0.5306282510621704,0.144313022,27.8,8.0,48.7,43393,0.482005044,0.679457129,2.4,0.7,0.5306282510621704,8.0,2.0794415416798357,6.3,1.840549633397487,0.185761964,30047,59848,241495,89895,1,0,0,0.0,0.0
New York,Northeast,2011.0,36.0,19465197,0.0,1.0,1.8,0.5877866649021191,0.144313022,27.8,8.0,48.7,43393,0.482005044,0.679457129,2.6,0.8,0.5877866649021191,8.5,2.1400661634962708,6.7,1.9021075263969205,0.185761964,37459,65774,271837,103233,1,0,0,0.0,0.0
New York,Northeast,2012.0,36.0,19570261,0.0,1.0,1.9,0.6418538861723947,0.144313022,27.8,8.0,48.7,43393,0.482005044,0.679457129,2.6,0.7000000000000002,0.5306282510621705,8.7,2.163323025660538,6.799999999999999,1.9169226121820608,0.185761964,30529,82884,338619,113413,1,0,0,0.0,0.0
New York,Northeast,2013.0,36.0,19651127,0.0,1.0,1.8,0.5877866649021191,0.144313022,27.8,8.0,48.7,43393,0.482005044,0.679457129,2.4,0.5999999999999999,0.47000362924573547,8.6,2.151762203259462,6.8,1.916922612182061,0.185761964,28505,108508,353064,137013,1,0,0,0.0,0.0
New York,Northeast,2014.0,36.0,19746227,0.0,1.0,1.8,0.5877866649021191,0.144313022,27.8,8.0,48.7,43393,0.482005044,0.679457129,2.4,0.5999999999999999,0.47000362924573547,8.6,2.151762203259462,6.8,1.916922612182061,0.185761964,76653,96738,365427,173391,1,0,0,0.0,0.0
New York,Northeast,2015.0,36.0,19795791,0.0,1.0,1.6,0.47000362924573563,0.144313022,27.8,8.0,48.7,43393,0.482005044,0.679457129,2.1,0.5,0.4054651081081644,8.3,2.1162555148025524,6.700000000000001,1.9021075263969205,0.185761964,39889,107532,346048,147421,1,0,0,0.0,0.0
New York,Northeast,2016.0,36.0,19745289,0.0,1.0,1.9,0.6418538861723947,0.144313022,27.8,8.0,48.7,43393,0.482005044,0.679457129,2.5,0.6000000000000001,0.47000362924573563,8.5,2.1400661634962708,6.6,1.8870696490323797,0.185761964,49646,133285,404772,182931,1,0,0,0.0,0.0
New York,Northeast,2017.0,36.0,19849399,0.0,1.0,1.7,0.5306282510621704,0.144313022,27.8,8.0,48.7,43393,0.482005044,0.679457129,2.2,0.5000000000000002,0.40546510810816455,8.5,2.1400661634962708,6.8,1.916922612182061,0.185761964,34301,124253,382495,158554,1,0,0,0.0,0.0
New York,Northeast,2018.0,36.0,19542209,0.0,1.0,1.7,0.5306282510621704,0.144313022,27.8,8.0,48.7,43393,0.482005044,0.679457129,2.3,0.5999999999999999,0.47000362924573547,8.8,2.174751721484161,7.1000000000000005,1.9600947840472698,0.185761964,34512,108936,358614,143448,1,0,0,0.0,0.0
New York,Northeast,2019.0,36.0,19453561,0.0,1.0,1.8,0.5877866649021191,0.144313022,27.8,8.0,48.7,43393,0.482005044,0.679457129,2.3,0.4999999999999998,0.4054651081081642,8.8,2.174751721484161,7.000000000000001,1.9459101490553135,0.185761964,39598,103076,355374,142674,1,0,0,0.0,0.0
New York,Northeast,2020.0,36.0,19336776,0.0,1.0,1.9,0.6418538861723947,0.144313022,27.8,8.0,48.7,43393,0.482005044,0.679457129,2.4,0.5,0.4054651081081644,8.5,2.1400661634962708,6.6,1.8870696490323797,0.185761964,38871,112006,507940,150877,1,0,0,0.0,0.0
North Carolina,South,1999.0,37.0,7949361,0.0,1.0,6.4,1.8562979903656263,0.409545384,28.4,7.8,50.2,39184,0.489817578,0.721136822,7.1,0.6999999999999993,0.5306282510621699,11.1,2.4069451083182885,4.699999999999999,1.5475625087160128,0.40784309,108235,18324,309707,126559,1,0,0,0.0,0.0
North Carolina,South,2000.0,37.0,8049313,0.0,1.0,7.0,1.9459101490553132,0.409545384,28.4,7.8,50.2,39184,0.489817578,0.721136822,7.7,0.7000000000000002,0.5306282510621705,12.1,2.4932054526026954,5.1,1.62924053973028,0.40784309,103453,16227,290884,119680,1,0,0,0.0,0.0
North Carolina,South,2001.0,37.0,8210122,0.0,1.0,7.0,1.9459101490553132,0.409545384,28.4,7.8,50.2,39184,0.489817578,0.721136822,7.7,0.7000000000000002,0.5306282510621705,12.1,2.4932054526026954,5.1,1.62924053973028,0.40784309,95424,13733,289571,109157,1,0,0,0.0,0.0
North Carolina,South,2002.0,37.0,8326201,0.0,1.0,6.8,1.916922612182061,0.409545384,28.4,7.8,50.2,39184,0.489817578,0.721136822,7.6,0.7999999999999998,0.587786664902119,11.8,2.468099531471619,5.000000000000001,1.6094379124341005,0.40784309,87457,2097,268916,89554,1,0,0,0.0,0.0
North Carolina,South,2003.0,37.0,8422501,0.0,1.0,6.6,1.8870696490323797,0.409545384,28.4,7.8,50.2,39184,0.489817578,0.721136822,7.3,0.7000000000000002,0.5306282510621705,11.3,2.424802725718295,4.700000000000001,1.5475625087160132,0.40784309,79605,2493,264488,82098,1,0,0,0.0,0.0
North Carolina,South,2004.0,37.0,8553152,0.0,1.0,6.4,1.8562979903656263,0.409545384,28.4,7.8,50.2,39184,0.489817578,0.721136822,7.1,0.6999999999999993,0.5306282510621699,12.0,2.4849066497880004,5.6,1.7227665977411035,0.40784309,92972,1985,276480,94957,1,0,0,0.0,0.0
North Carolina,South,2005.0,37.0,8705407,0.0,1.0,6.6,1.8870696490323797,0.409545384,28.4,7.8,50.2,39184,0.489817578,0.721136822,7.3,0.7000000000000002,0.5306282510621705,11.6,2.451005098112319,5.0,1.6094379124341003,0.40784309,90758,1948,271527,92706,1,0,0,0.0,0.0
North Carolina,South,2006.0,37.0,8917270,0.0,1.0,6.8,1.916922612182061,0.409545384,28.4,7.8,50.2,39184,0.489817578,0.721136822,7.4,0.6000000000000005,0.4700036292457359,12.3,2.509599262378372,5.500000000000001,1.7047480922384255,0.40784309,104319,2675,290024,106994,1,0,0,0.0,0.0
North Carolina,South,2007.0,37.0,9118037,0.0,1.0,6.3,1.840549633397487,0.409545384,28.4,7.8,50.2,39184,0.489817578,0.721136822,6.7,0.40000000000000036,0.33647223662121317,11.8,2.468099531471619,5.500000000000001,1.7047480922384255,0.40784309,112868,2610,289215,115478,1,0,0,0.0,0.0
North Carolina,South,2008.0,37.0,9309449,0.0,1.0,6.7,1.9021075263969205,0.409545384,28.4,7.8,50.2,39184,0.489817578,0.721136822,7.2,0.5,0.4054651081081644,12.5,2.5257286443082556,5.8,1.7578579175523736,0.40784309,156913,2770,347473,159683,1,0,0,0.0,0.0
North Carolina,South,2009.0,37.0,9449566,0.0,1.0,6.7,1.9021075263969205,0.409545384,28.4,7.8,50.2,39184,0.489817578,0.721136822,7.2,0.5,0.4054651081081644,12.4,2.517696472610991,5.7,1.7404661748405046,0.40784309,182768,2648,368460,185416,1,0,0,0.0,0.0
North Carolina,South,2010.0,37.0,9535483,0.0,1.0,7.0,1.9459101490553132,0.409545384,28.4,7.8,50.2,39184,0.489817578,0.721136822,7.4,0.40000000000000036,0.33647223662121317,12.3,2.509599262378372,5.300000000000001,1.6677068205580763,0.40784309,150722,3007,331637,153729,1,0,0,0.0,0.0
North Carolina,South,2011.0,37.0,9656401,0.0,1.0,7.0,1.9459101490553132,0.409545384,28.4,7.8,50.2,39184,0.489817578,0.721136822,7.5,0.5,0.4054651081081644,12.6,2.533696813957432,5.6,1.7227665977411035,0.40784309,167568,3703,375211,171271,1,0,0,0.0,0.0
North Carolina,South,2012.0,37.0,9752073,0.0,1.0,6.6,1.8870696490323797,0.409545384,28.4,7.8,50.2,39184,0.489817578,0.721136822,7.3,0.7000000000000002,0.5306282510621705,13.2,2.580216829592325,6.6,1.8870696490323797,0.40784309,226996,8835,489307,235831,1,0,0,0.0,0.0
North Carolina,South,2013.0,37.0,9848060,0.0,1.0,7.2,1.9740810260220096,0.409545384,28.4,7.8,50.2,39184,0.489817578,0.721136822,7.8,0.5999999999999996,0.47000362924573535,13.0,2.5649493574615367,5.8,1.7578579175523736,0.40784309,302094,10214,574622,312308,1,0,0,0.0,0.0
North Carolina,South,2014.0,37.0,9943964,0.0,1.0,6.6,1.8870696490323797,0.409545384,28.4,7.8,50.2,39184,0.489817578,0.721136822,7.6,1.0,0.6931471805599453,13.6,2.6100697927420065,7.0,1.9459101490553132,0.40784309,939853,12049,1182349,951902,1,0,0,0.0,0.0
North Carolina,South,2015.0,37.0,10042802,0.0,1.0,6.8,1.916922612182061,0.409545384,28.4,7.8,50.2,39184,0.489817578,0.721136822,7.8,1.0,0.6931471805599453,14.0,2.6390573296152584,7.2,1.9740810260220096,0.40784309,285468,15243,531876,300711,1,0,0,0.0,0.0
North Carolina,South,2016.0,37.0,10146788,0.0,1.0,6.5,1.8718021769015913,0.409545384,28.4,7.8,50.2,39184,0.489817578,0.721136822,7.8,1.2999999999999998,0.8329091229351039,13.5,2.6026896854443837,7.0,1.9459101490553132,0.40784309,345364,16595,601445,361959,1,0,0,0.0,0.0
North Carolina,South,2017.0,37.0,10273419,0.0,1.0,7.1,1.9600947840472698,0.409545384,28.4,7.8,50.2,39184,0.489817578,0.721136822,8.2,1.0999999999999996,0.7419373447293771,14.8,2.6946271807700692,7.700000000000001,2.0412203288596382,0.40784309,299025,18131,537813,317156,1,0,0,0.0,0.0
North Carolina,South,2018.0,37.0,10383620,0.0,1.0,7.3,1.9878743481543455,0.409545384,28.4,7.8,50.2,39184,0.489817578,0.721136822,8.4,1.1000000000000005,0.7419373447293776,14.4,2.667228206581955,7.1000000000000005,1.9600947840472698,0.40784309,303492,17932,529916,321424,1,0,0,0.0,0.0
North Carolina,South,2019.0,37.0,10488084,0.0,1.0,6.4,1.8562979903656263,0.409545384,28.4,7.8,50.2,39184,0.489817578,0.721136822,7.4,1.0,0.6931471805599453,12.9,2.5572273113676265,6.5,1.8718021769015913,0.40784309,299605,19788,530365,319393,1,0,0,0.0,0.0
North Carolina,South,2020.0,37.0,10600823,0.0,1.0,7.3,1.9878743481543455,0.409545384,28.4,7.8,50.2,39184,0.489817578,0.721136822,8.3,1.0000000000000009,0.6931471805599457,13.6,2.6100697927420065,6.3,1.840549633397487,0.40784309,528452,29763,890284,558215,1,0,0,0.0,0.0
Rhode Island,Northeast,1999.0,44.0,1040402,1.0,1.0,2.7,0.9932517730102834,0.091199694,27.8,8.1,49.8,42090,0.480421513,0.850114326,3.4,0.6999999999999997,0.5306282510621703,9.2,2.2192034840549946,6.499999999999999,1.8718021769015913,0.124708772,0,4933,10677,4933,1,0,0,0.0,0.0
Rhode Island,Northeast,2000.0,44.0,1048319,1.0,1.0,1.5,0.4054651081081644,0.091199694,27.8,8.1,49.8,42090,0.480421513,0.850114326,2.6,1.1,0.7419373447293773,7.2,1.9740810260220096,5.7,1.7404661748405046,0.124708772,0,4216,9414,4216,1,0,0,0.0,0.0
Rhode Island,Northeast,2001.0,44.0,1057142,1.0,1.0,1.6,0.47000362924573563,0.091199694,27.8,8.1,49.8,42090,0.480421513,0.850114326,2.4,0.7999999999999998,0.587786664902119,8.2,2.1041341542702074,6.6,1.8870696490323797,0.124708772,0,4385,10233,4385,1,0,0,0.0,0.0
Rhode Island,Northeast,2002.0,44.0,1065995,1.0,1.0,1.6,0.47000362924573563,0.091199694,27.8,8.1,49.8,42090,0.480421513,0.850114326,2.8,1.1999999999999997,0.78845736036427,8.1,2.0918640616783932,6.5,1.8718021769015913,0.124708772,0,4055,9521,4055,1,0,0,0.0,0.0
Rhode Island,Northeast,2003.0,44.0,1071342,1.0,1.0,1.0,0.0,0.091199694,27.8,8.1,49.8,42090,0.480421513,0.850114326,1.1,0.10000000000000009,0.09531017980432493,7.8,2.0541237336955462,6.8,1.916922612182061,0.124708772,0,4010,9660,4010,1,0,0,0.0,0.0
Rhode Island,Northeast,2004.0,44.0,1074579,1.0,1.0,1.7,0.5306282510621704,0.091199694,27.8,8.1,49.8,42090,0.480421513,0.850114326,2.0,0.30000000000000004,0.26236426446749106,7.8,2.0541237336955462,6.1,1.8082887711792655,0.124708772,0,4286,10054,4286,1,0,0,0.0,0.0
Rhode Island,Northeast,2005.0,44.0,1067916,1.0,1.0,1.5,0.4054651081081644,0.091199694,27.8,8.1,49.8,42090,0.480421513,0.850114326,1.8,0.30000000000000004,0.26236426446749106,6.6,1.8870696490323797,5.1,1.62924053973028,0.124708772,0,4257,9649,4257,1,0,0,0.0,0.0
Rhode Island,Northeast,2006.0,44.0,1063096,1.0,1.0,2.2,0.7884573603642703,0.091199694,27.8,8.1,49.8,42090,0.480421513,0.850114326,2.5,0.2999999999999998,0.2623642644674909,8.5,2.1400661634962708,6.3,1.840549633397487,0.124708772,0,4315,9936,4315,1,0,0,0.0,0.0
Rhode Island,Northeast,2007.0,44.0,1057315,1.0,1.0,1.5,0.4054651081081644,0.091199694,27.8,8.1,49.8,42090,0.480421513,0.850114326,2.3,0.7999999999999998,0.587786664902119,9.1,2.2082744135228043,7.6,2.028148247292285,0.124708772,0,4535,10222,4535,1,0,0,0.0,0.0
Rhode Island,Northeast,2008.0,44.0,1055003,1.0,1.0,1.8,0.5877866649021191,0.091199694,27.8,8.1,49.8,42090,0.480421513,0.850114326,2.2,0.40000000000000013,0.336472236621213,10.4,2.341805806147327,8.6,2.151762203259462,0.124708772,0,5869,12405,5869,1,0,0,0.0,0.0
Rhode Island,Northeast,2009.0,44.0,1053646,1.0,1.0,2.7,0.9932517730102834,0.091199694,27.8,8.1,49.8,42090,0.480421513,0.850114326,3.8,1.0999999999999996,0.7419373447293771,11.1,2.4069451083182885,8.399999999999999,2.128231705849268,0.124708772,0,7168,14799,7168,1,0,0,0.0,0.0
Rhode Island,Northeast,2010.0,44.0,1052567,1.0,1.0,2.8,1.0296194171811581,0.091199694,27.8,8.1,49.8,42090,0.480421513,0.850114326,2.9,0.10000000000000009,0.09531017980432493,12.2,2.501435951739211,9.399999999999999,2.240709689275958,0.124708772,0,7641,14835,7641,1,0,0,0.0,0.0
Rhode Island,Northeast,2011.0,44.0,1051302,1.0,1.0,1.6,0.47000362924573563,0.091199694,27.8,8.1,49.8,42090,0.480421513,0.850114326,1.9,0.2999999999999998,0.2623642644674909,9.5,2.2512917986064953,7.9,2.066862759472976,0.124708772,0,8689,17271,8689,1,0,0,0.0,0.0
Rhode Island,Northeast,2012.0,44.0,1050292,1.0,1.0,2.0,0.6931471805599453,0.091199694,27.8,8.1,49.8,42090,0.480421513,0.850114326,2.5,0.5,0.4054651081081644,10.0,2.302585092994046,8.0,2.0794415416798357,0.124708772,0,11604,24050,11604,1,0,0,0.0,0.0
Rhode Island,Northeast,2013.0,44.0,1051511,1.0,1.0,2.2,0.7884573603642703,0.091199694,27.8,8.1,49.8,42090,0.480421513,0.850114326,3.2,1.0,0.6931471805599453,12.6,2.533696813957432,10.399999999999999,2.341805806147327,0.124708772,0,12800,26666,12800,1,0,0,0.0,0.0
Rhode Island,Northeast,2014.0,44.0,1055173,1.0,1.0,1.6,0.47000362924573563,0.091199694,27.8,8.1,49.8,42090,0.480421513,0.850114326,1.9,0.2999999999999998,0.2623642644674909,10.5,2.3513752571634776,8.9,2.186051276738094,0.124708772,0,10045,20400,10045,1,0,0,0.0,0.0
Rhode Island,Northeast,2015.0,44.0,1056298,1.0,1.0,3.0,1.0986122886681098,0.091199694,27.8,8.1,49.8,42090,0.480421513,0.850114326,3.8,0.7999999999999998,0.587786664902119,11.9,2.4765384001174837,8.9,2.186051276738094,0.124708772,0,11274,22129,11274,1,0,0,0.0,0.0
Rhode Island,Northeast,2016.0,44.0,1056426,1.0,1.0,2.7,0.9932517730102834,0.091199694,27.8,8.1,49.8,42090,0.480421513,0.850114326,3.3,0.5999999999999996,0.47000362924573535,11.9,2.4765384001174837,9.2,2.2192034840549946,0.124708772,0,14262,27758,14262,1,0,0,0.0,0.0
Rhode Island,Northeast,2017.0,44.0,1059639,1.0,1.0,2.8,1.0296194171811581,0.091199694,27.8,8.1,49.8,42090,0.480421513,0.850114326,3.1,0.30000000000000027,0.2623642644674913,12.2,2.501435951739211,9.399999999999999,2.240709689275958,0.124708772,0,12959,24677,12959,1,0,0,0.0,0.0
Rhode Island,Northeast,2018.0,44.0,1057315,1.0,1.0,1.8,0.5877866649021191,0.091199694,27.8,8.1,49.8,42090,0.480421513,0.850114326,2.2,0.40000000000000013,0.336472236621213,10.0,2.302585092994046,8.2,2.1041341542702074,0.124708772,0,12252,25030,12252,1,0,0,0.0,0.0
Rhode Island,Northeast,2019.0,44.0,1059361,1.0,1.0,2.8,1.0296194171811581,0.091199694,27.8,8.1,49.8,42090,0.480421513,0.850114326,3.1,0.30000000000000027,0.2623642644674913,11.6,2.451005098112319,8.8,2.174751721484161,0.124708772,0,11698,24338,11698,1,0,0,0.0,0.0
Rhode Island,Northeast,2020.0,44.0,1057125,1.0,1.0,2.6,0.9555114450274363,0.091199694,27.8,8.1,49.8,42090,0.480421513,0.850114326,2.8,0.19999999999999973,0.1823215567939544,8.9,2.186051276738094,6.300000000000001,1.8405496333974871,0.124708772,0,22876,51369,22876,1,0,0,0.0,0.0
Virginia,South,1999.0,51.0,7000174,0.0,1.0,5.8,1.7578579175523736,0.28633403,26.0,7.2,44.5,46677,0.490483527,0.723331094,7.2,1.4000000000000004,0.8754687373539001,11.3,2.424802725718295,5.500000000000001,1.7047480922384255,0.39042036,0,84170,208554,84170,1,0,1,2004.0,-5.0
Virginia,South,2000.0,51.0,7078515,0.0,1.0,5.7,1.7404661748405046,0.28633403,26.0,7.2,44.5,46677,0.490483527,0.723331094,6.8,1.0999999999999996,0.7419373447293771,10.8,2.379546134130174,5.1000000000000005,1.6292405397302803,0.39042036,0,71978,188508,71978,1,0,1,2004.0,-4.0
Virginia,South,2001.0,51.0,7198362,0.0,1.0,5.5,1.7047480922384253,0.28633403,26.0,7.2,44.5,46677,0.490483527,0.723331094,6.5,1.0,0.6931471805599453,11.1,2.4069451083182885,5.6,1.7227665977411035,0.39042036,0,73338,196181,73338,1,0,1,2004.0,-3.0
Virginia,South,2002.0,51.0,7286873,0.0,1.0,5.5,1.7047480922384253,0.28633403,26.0,7.2,44.5,46677,0.490483527,0.723331094,6.7,1.2000000000000002,0.7884573603642703,11.0,2.3978952727983707,5.5,1.7047480922384253,0.39042036,0,69145,191789,69145,1,0,1,2004.0,-2.0
Virginia,South,2003.0,51.0,7366977,0.0,1.0,5.1,1.62924053973028,0.28633403,26.0,7.2,44.5,46677,0.490483527,0.723331094,6.1,1.0,0.6931471805599453,11.0,2.3978952727983707,5.9,1.7749523509116738,0.39042036,1,72882,200270,72883,1,0,1,2004.0,-1.0
Virginia,South,2004.0,51.0,7475575,0.0,0.0,5.3,1.667706820558076,0.28633403,26.0,7.2,44.5,46677,0.490483527,0.723331094,6.6,1.2999999999999998,0.8329091229351039,11.1,2.4069451083182885,5.8,1.7578579175523736,0.39042036,0,80005,213062,80005,0,1,1,2004.0,0.0
Virginia,South,2005.0,51.0,7577105,0.0,0.0,5.2,1.6486586255873816,0.28633403,26.0,7.2,44.5,46677,0.490483527,0.723331094,6.7,1.5,0.9162907318741551,11.4,2.4336133554004498,6.2,1.824549292051046,0.39042036,3,89812,221725,89815,0,1,1,2004.0,1.0
Virginia,South,2006.0,51.0,7673725,0.0,0.0,5.2,1.6486586255873816,0.28633403,26.0,7.2,44.5,46677,0.490483527,0.723331094,6.5,1.2999999999999998,0.8329091229351039,11.4,2.4336133554004498,6.2,1.824549292051046,0.39042036,0,103742,238862,103742,0,1,1,2004.0,2.0
Virginia,South,2007.0,51.0,7751000,0.0,0.0,5.0,1.6094379124341003,0.28633403,26.0,7.2,44.5,46677,0.490483527,0.723331094,6.3,1.2999999999999998,0.8329091229351039,11.3,2.424802725718295,6.300000000000001,1.8405496333974871,0.39042036,0,114206,241538,114206,0,1,1,2004.0,3.0
Virginia,South,2008.0,51.0,7833496,0.0,0.0,5.2,1.6486586255873816,0.28633403,26.0,7.2,44.5,46677,0.490483527,0.723331094,6.7,1.5,0.9162907318741551,12.1,2.4932054526026954,6.8999999999999995,1.9315214116032136,0.39042036,0,137088,278974,137088,0,1,1,2004.0,4.0
Virginia,South,2009.0,51.0,7925937,0.0,0.0,5.2,1.6486586255873816,0.28633403,26.0,7.2,44.5,46677,0.490483527,0.723331094,6.6,1.3999999999999995,0.8754687373538997,12.1,2.4932054526026954,6.8999999999999995,1.9315214116032136,0.39042036,0,148246,296463,148246,0,1,1,2004.0,5.0
Virginia,South,2010.0,51.0,8001024,0.0,0.0,5.6,1.7227665977411035,0.28633403,26.0,7.2,44.5,46677,0.490483527,0.723331094,7.2,1.6000000000000005,0.9555114450274366,12.0,2.4849066497880004,6.4,1.8562979903656263,0.39042036,0,169736,320783,169736,0,1,1,2004.0,6.0
Virginia,South,2011.0,51.0,8096604,0.0,0.0,6.2,1.824549292051046,0.28633403,26.0,7.2,44.5,46677,0.490483527,0.723331094,7.5,1.2999999999999998,0.8329091229351039,13.0,2.5649493574615367,6.8,1.916922612182061,0.39042036,0,175556,331468,175556,0,1,1,2004.0,7.0
Virginia,South,2012.0,51.0,8185867,0.0,0.0,5.8,1.7578579175523736,0.28633403,26.0,7.2,44.5,46677,0.490483527,0.723331094,7.2,1.4000000000000004,0.8754687373539001,13.0,2.5649493574615367,7.2,1.9740810260220096,0.39042036,0,235889,448754,235889,0,1,1,2004.0,8.0
Virginia,South,2013.0,51.0,8260405,0.0,0.0,5.8,1.7578579175523736,0.28633403,26.0,7.2,44.5,46677,0.490483527,0.723331094,7.3,1.5,0.9162907318741551,12.9,2.5572273113676265,7.1000000000000005,1.9600947840472698,0.39042036,0,257928,498426,257928,0,1,1,2004.0,9.0
Virginia,South,2014.0,51.0,8326289,0.0,0.0,6.0,1.791759469228055,0.28633403,26.0,7.2,44.5,46677,0.490483527,0.723331094,7.5,1.5,0.9162907318741551,13.5,2.6026896854443837,7.5,2.0149030205422647,0.39042036,732,221407,419764,222139,0,1,1,2004.0,10.0
Virginia,South,2015.0,51.0,8382993,0.0,0.0,6.2,1.824549292051046,0.28633403,26.0,7.2,44.5,46677,0.490483527,0.723331094,7.5,1.2999999999999998,0.8329091229351039,13.3,2.5877640352277083,7.1000000000000005,1.9600947840472698,0.39042036,6028,262120,462997,268148,0,1,1,2004.0,11.0
Virginia,South,2016.0,51.0,8411808,0.0,0.0,6.7,1.9021075263969205,0.28633403,26.0,7.2,44.5,46677,0.490483527,0.723331094,8.0,1.2999999999999998,0.8329091229351039,13.8,2.624668592163159,7.1000000000000005,1.9600947840472698,0.39042036,9817,295963,528369,305780,0,1,1,2004.0,12.0
Virginia,South,2017.0,51.0,8470020,0.0,0.0,6.8,1.916922612182061,0.28633403,26.0,7.2,44.5,46677,0.490483527,0.723331094,7.9,1.1000000000000005,0.7419373447293776,13.9,2.631888840136646,7.1000000000000005,1.9600947840472698,0.39042036,11835,292199,520827,304034,0,1,1,2004.0,13.0
Virginia,South,2018.0,51.0,8517685,0.0,0.0,7.0,1.9459101490553132,0.28633403,26.0,7.2,44.5,46677,0.490483527,0.723331094,8.0,1.0,0.6931471805599453,14.6,2.681021528714291,7.6,2.028148247292285,0.39042036,18450,253744,476760,272194,0,1,1,2004.0,14.0
Virginia,South,2019.0,51.0,8535519,0.0,0.0,6.8,1.916922612182061,0.28633403,26.0,7.2,44.5,46677,0.490483527,0.723331094,7.7,0.9000000000000004,0.6418538861723949,13.3,2.5877640352277083,6.500000000000001,1.8718021769015916,0.39042036,10353,281144,512766,291497,0,1,1,2004.0,15.0
Virginia,South,2020.0,51.0,8590563,0.0,0.0,7.0,1.9459101490553132,0.28633403,26.0,7.2,44.5,46677,0.490483527,0.723331094,8.1,1.0999999999999996,0.7419373447293771,14.0,2.6390573296152584,7.0,1.9459101490553132,0.39042036,7859,480071,823513,487930,0,1,1,2004.0,16.0
Wisconsin,Midwest,1999.0,55.0,5332666,1.0,0.0,2.5,0.9162907318741551,0.341616892,34.6,5.4,49.6,43791,0.493885442,0.889288967,5.6,3.0999999999999996,1.410986973710262,11.1,2.4069451083182885,8.6,2.151762203259462,0.402902613,0,49549,179340,49549,1,0,1,2015.0,-16.0
Wisconsin,Midwest,2000.0,55.0,5363675,1.0,0.0,3.2,1.1631508098056809,0.341616892,34.6,5.4,49.6,43791,0.493885442,0.889288967,5.7,2.5,1.252762968495368,11.0,2.3978952727983707,7.8,2.0541237336955462,0.402902613,7,40804,180492,40811,1,0,1,2015.0,-15.0
Wisconsin,Midwest,2001.0,55.0,5406835,1.0,0.0,3.0,1.0986122886681098,0.341616892,34.6,5.4,49.6,43791,0.493885442,0.889288967,5.9,2.9000000000000004,1.3609765531356008,11.8,2.468099531471619,8.8,2.174751721484161,0.402902613,1,41124,181798,41125,1,0,1,2015.0,-14.0
Wisconsin,Midwest,2002.0,55.0,5445162,1.0,0.0,2.9,1.0647107369924282,0.341616892,34.6,5.4,49.6,43791,0.493885442,0.889288967,5.7,2.8000000000000003,1.3350010667323402,11.5,2.4423470353692043,8.6,2.151762203259462,0.402902613,0,39027,173779,39027,1,0,1,2015.0,-13.0
Wisconsin,Midwest,2003.0,55.0,5479203,1.0,0.0,3.0,1.0986122886681098,0.341616892,34.6,5.4,49.6,43791,0.493885442,0.889288967,5.7,2.7,1.308332819650179,11.8,2.468099531471619,8.8,2.174751721484161,0.402902613,0,43203,188594,43203,1,0,1,2015.0,-12.0
Wisconsin,Midwest,2004.0,55.0,5514026,1.0,0.0,3.2,1.1631508098056809,0.341616892,34.6,5.4,49.6,43791,0.493885442,0.889288967,5.6,2.3999999999999995,1.2237754316221154,12.0,2.4849066497880004,8.8,2.174751721484161,0.402902613,0,40981,187097,40981,1,0,1,2015.0,-11.0
Wisconsin,Midwest,2005.0,55.0,5546166,1.0,0.0,3.3,1.1939224684724346,0.341616892,34.6,5.4,49.6,43791,0.493885442,0.889288967,5.4,2.1000000000000005,1.1314021114911008,11.6,2.451005098112319,8.3,2.1162555148025524,0.402902613,0,39930,183013,39930,1,0,1,2015.0,-10.0
Wisconsin,Midwest,2006.0,55.0,5577655,1.0,0.0,2.9,1.0647107369924282,0.341616892,34.6,5.4,49.6,43791,0.493885442,0.889288967,5.4,2.5000000000000004,1.252762968495368,12.0,2.4849066497880004,9.1,2.2082744135228043,0.402902613,0,43652,189228,43652,1,0,1,2015.0,-9.0
Wisconsin,Midwest,2007.0,55.0,5610775,1.0,0.0,3.5,1.252762968495368,0.341616892,34.6,5.4,49.6,43791,0.493885442,0.889288967,6.0,2.5,1.252762968495368,13.0,2.5649493574615367,9.5,2.2512917986064953,0.402902613,0,43550,180607,43550,1,0,1,2015.0,-8.0
Wisconsin,Midwest,2008.0,55.0,5640996,1.0,0.0,3.5,1.252762968495368,0.341616892,34.6,5.4,49.6,43791,0.493885442,0.889288967,6.1,2.5999999999999996,1.2809338454620642,13.1,2.5726122302071057,9.6,2.2617630984737906,0.402902613,0,54002,186819,54002,1,0,1,2015.0,-7.0
Wisconsin,Midwest,2009.0,55.0,5669264,1.0,0.0,3.7,1.308332819650179,0.341616892,34.6,5.4,49.6,43791,0.493885442,0.889288967,6.1,2.3999999999999995,1.2237754316221154,12.7,2.5416019934645457,9.0,2.1972245773362196,0.402902613,0,64458,196951,64458,1,0,1,2015.0,-6.0
Wisconsin,Midwest,2010.0,55.0,5686986,1.0,0.0,3.7,1.308332819650179,0.341616892,34.6,5.4,49.6,43791,0.493885442,0.889288967,6.6,2.8999999999999995,1.3609765531356006,13.9,2.631888840136646,10.2,2.322387720290225,0.402902613,1,62619,194797,62620,1,0,1,2015.0,-5.0
Wisconsin,Midwest,2011.0,55.0,5711767,1.0,0.0,3.6,1.2809338454620642,0.341616892,34.6,5.4,49.6,43791,0.493885442,0.889288967,6.1,2.4999999999999996,1.2527629684953678,13.0,2.5649493574615367,9.4,2.2407096892759584,0.402902613,83719,101839,322761,185558,1,0,1,2015.0,-4.0
Wisconsin,Midwest,2012.0,55.0,5726398,1.0,0.0,3.7,1.308332819650179,0.341616892,34.6,5.4,49.6,43791,0.493885442,0.889288967,6.1,2.3999999999999995,1.2237754316221154,12.6,2.533696813957432,8.899999999999999,2.186051276738094,0.402902613,136706,165937,469375,302643,1,0,1,2015.0,-3.0
Wisconsin,Midwest,2013.0,55.0,5742713,1.0,0.0,4.8,1.5686159179138452,0.341616892,34.6,5.4,49.6,43791,0.493885442,0.889288967,7.6,2.8,1.33500106673234,14.8,2.6946271807700692,10.0,2.302585092994046,0.402902613,92407,166049,434688,258456,1,0,1,2015.0,-2.0
Wisconsin,Midwest,2014.0,55.0,5757564,1.0,0.0,3.7,1.308332819650179,0.341616892,34.6,5.4,49.6,43791,0.493885442,0.889288967,6.1,2.3999999999999995,1.2237754316221154,13.3,2.5877640352277083,9.600000000000001,2.2617630984737906,0.402902613,52710,125208,334308,177918,1,0,1,2015.0,-1.0
Wisconsin,Midwest,2015.0,55.0,5771337,0.0,0.0,4.8,1.5686159179138452,0.341616892,34.6,5.4,49.6,43791,0.493885442,0.889288967,7.3,2.5,1.252762968495368,15.1,2.714694743820879,10.3,2.33214389523559,0.402902613,65241,155285,383280,220526,0,1,1,2015.0,0.0
Wisconsin,Midwest,2016.0,55.0,5778708,0.0,0.0,5.5,1.7047480922384253,0.341616892,34.6,5.4,49.6,43791,0.493885442,0.889288967,7.9,2.4000000000000004,1.2237754316221159,15.0,2.70805020110221,9.5,2.2512917986064953,0.402902613,199431,186300,561819,385731,0,1,1,2015.0,1.0
Wisconsin,Midwest,2017.0,55.0,5795483,0.0,0.0,5.4,1.6863989535702288,0.341616892,34.6,5.4,49.6,43791,0.493885442,0.889288967,7.5,2.0999999999999996,1.1314021114911004,16.0,2.772588722239781,10.6,2.3608540011180215,0.402902613,182395,171610,526523,354005,0,1,1,2015.0,2.0
Wisconsin,Midwest,2018.0,55.0,5813568,0.0,0.0,5.1,1.62924053973028,0.341616892,34.6,5.4,49.6,43791,0.493885442,0.889288967,7.2,2.1000000000000005,1.1314021114911008,15.3,2.72785282839839,10.200000000000001,2.3223877202902257,0.402902613,131991,155441,452520,287432,0,1,1,2015.0,3.0
Wisconsin,Midwest,2019.0,55.0,5822434,0.0,0.0,5.5,1.7047480922384253,0.341616892,34.6,5.4,49.6,43791,0.493885442,0.889288967,7.3,1.7999999999999998,1.0296194171811581,14.5,2.6741486494265287,9.0,2.1972245773362196,0.402902613,102078,164711,435685,266789,0,1,1,2015.0,4.0
Wisconsin,Midwest,2020.0,55.0,5832655,0.0,0.0,5.6,1.7227665977411035,0.341616892,34.6,5.4,49.6,43791,0.493885442,0.889288967,7.6,2.0,1.0986122886681098,14.8,2.6946271807700692,9.200000000000001,2.2192034840549946,0.402902613,197954,318114,731618,516068,0,1,1,2015.0,5.0
